time,Red,Green,Blue,,accuracy,precision,,Red after Sorting,Green after sorting,Blue after sorting,,,Reading (red),Repeated,Accuracy,precision,,Reading (Green),Repeated,,Reading (Blue),Repeated
3263,168,225,174,,0.938547486,0.926719774,,168,219,168,,,168,3,0.938547486,0.926719774,,219,3,,168,3
9447,168,225,174,,0.938547486,0.926719774,,168,219,168,,,169,6,0.944134078,0.932235964,,222,17,,169,3
9479,168,226,175,,0.938547486,0.926719774,,169,220,168,,,171,8,0.955307263,0.943268342,,226,19,,170,19
3229,169,226,174,,0.944134078,0.932235964,,169,221,169,,,173,12,0.966480447,0.95430072,,227,40,,173,15
3829,169,228,176,,0.944134078,0.932235964,,169,221,169,,,174,29,0.972067039,0.959816909,,228,45,,174,29
8596,169,227,175,,0.944134078,0.932235964,,169,222,169,,,175,37,0.977653631,0.965333098,,229,52,,175,60
8630,169,227,175,,0.944134078,0.932235964,,169,222,170,,,176,85,0.983240223,0.970849288,,230,54,,176,63
8846,169,227,175,,0.944134078,0.932235964,,169,222,170,,,177,85,0.988826816,0.976365477,,233,64,,177,66
9228,169,227,175,,0.944134078,0.932235964,,170,222,170,,,180,106,0.994413408,0.992914044,,234,80,,180,100
7230,170,229,177,,0.94972067,0.937752153,,170,222,170,,,181,123,0.988826816,0.998430233,,236,87,,181,118
8813,170,228,176,,0.94972067,0.937752153,,170,222,170,,,182,113,0.983240223,0.996053578,,237,94,,182,120
9029,170,227,175,,0.94972067,0.937752153,,170,222,170,,,183,89,0.977653631,0.990537388,,238,53,,183,86
9829,170,228,177,,0.94972067,0.937752153,,171,222,170,,,187,81,0.955307263,0.968472632,,242,44,,187,85
2946,171,230,178,,0.955307263,0.943268342,,171,222,170,,,188,69,0.94972067,0.962956443,,244,44,,188,72
4178,171,230,177,,0.955307263,0.943268342,,171,222,170,,,189,43,0.944134078,0.957440254,,245,28,,189,33
5012,171,229,176,,0.955307263,0.943268342,,171,222,170,,,190,13,0.938547486,0.951924065,,246,12,,190,19
8080,171,231,178,,0.955307263,0.943268342,,171,222,170,,,,,,,,247,9,,191,2
8363,171,229,177,,0.955307263,0.943268342,,171,222,170,,,MEAN,181.2845745,,,,MEAN,235.0407801,,193,2
8396,171,230,178,,0.955307263,0.943268342,,171,222,170,,,Standard Dev.,4.59520714,,,,Standard Dev.,5.803964324,,MEAN,181.1206744
8995,171,229,176,,0.955307263,0.943268342,,171,222,170,,,,,,,,,,,Standard Dev.,4.811508211
9863,171,230,178,,0.955307263,0.943268342,,172,222,170,,,,,,,,,,,,
2778,172,224,178,,0.960893855,0.948784531,,172,222,170,,,,,,,,,,,,
7578,172,232,172,,0.960893855,0.948784531,,172,223,170,,,,,,,,,,,,
33498,172,231,178,,0.960893855,0.948784531,,173,223,170,,,,,,,,,,,,
2746,173,231,178,,0.966480447,0.95430072,,173,223,170,,,,,,,,,,,,
6579,173,227,179,,0.966480447,0.95430072,,173,223,171,,,,,,,,,,,,
10012,173,233,179,,0.966480447,0.95430072,,173,223,171,,,,,,,,,,,,
32048,173,231,173,,0.966480447,0.95430072,,173,223,171,,,,,,,,,,,,
32082,173,233,180,,0.966480447,0.95430072,,173,223,171,,,,,,,,,,,,
33447,173,232,179,,0.966480447,0.95430072,,173,223,171,,,,,,,,,,,,
33480,173,232,178,,0.966480447,0.95430072,,173,223,171,,,,,,,,,,,,
34080,173,234,180,,0.966480447,0.95430072,,173,223,171,,,,,,,,,,,,
34581,173,231,179,,0.966480447,0.95430072,,173,223,171,,,,,,,,,,,,
34647,173,233,180,,0.966480447,0.95430072,,173,224,171,,,,,,,,,,,,
35814,173,233,180,,0.966480447,0.95430072,,173,224,171,,,,,,,,,,,,
36232,173,234,179,,0.966480447,0.95430072,,174,224,171,,,,,,,,,,,,
3295,174,226,174,,0.972067039,0.959816909,,174,224,171,,,,,,,,,,,,
7129,174,226,168,,0.972067039,0.959816909,,174,224,172,,,,,,,,,,,,
7163,174,226,168,,0.972067039,0.959816909,,174,224,172,,,,,,,,,,,,
8879,174,219,174,,0.972067039,0.959816909,,174,224,172,,,,,,,,,,,,
9095,174,219,174,,0.972067039,0.959816909,,174,224,172,,,,,,,,,,,,
9129,174,225,174,,0.972067039,0.959816909,,174,224,172,,,,,,,,,,,,
9163,174,226,175,,0.972067039,0.959816909,,174,224,172,,,,,,,,,,,,
10330,174,234,180,,0.972067039,0.959816909,,174,225,172,,,,,,,,,,,,
10363,174,234,181,,0.972067039,0.959816909,,174,225,173,,,,,,,,,,,,
12780,174,233,181,,0.972067039,0.959816909,,174,225,173,,,,,,,,,,,,
13512,174,233,180,,0.972067039,0.959816909,,174,225,173,,,,,,,,,,,,
14997,174,233,180,,0.972067039,0.959816909,,174,225,173,,,,,,,,,,,,
15062,174,234,181,,0.972067039,0.959816909,,174,225,173,,,,,,,,,,,,
30782,174,233,179,,0.972067039,0.959816909,,174,225,173,,,,,,,,,,,,
31448,174,233,180,,0.972067039,0.959816909,,174,225,173,,,,,,,,,,,,
31865,174,234,180,,0.972067039,0.959816909,,174,225,173,,,,,,,,,,,,
31881,174,234,180,,0.972067039,0.959816909,,174,225,173,,,,,,,,,,,,
32748,174,233,180,,0.972067039,0.959816909,,174,226,173,,,,,,,,,,,,
32931,174,234,180,,0.972067039,0.959816909,,174,226,173,,,,,,,,,,,,
33214,174,235,180,,0.972067039,0.959816909,,174,226,173,,,,,,,,,,,,
33248,174,235,180,,0.972067039,0.959816909,,174,226,173,,,,,,,,,,,,
33731,174,234,180,,0.972067039,0.959816909,,174,226,173,,,,,,,,,,,,
33881,174,233,180,,0.972067039,0.959816909,,174,226,173,,,,,,,,,,,,
35665,174,234,180,,0.972067039,0.959816909,,174,226,174,,,,,,,,,,,,
35697,174,233,179,,0.972067039,0.959816909,,174,226,174,,,,,,,,,,,,
36082,174,234,180,,0.972067039,0.959816909,,174,226,174,,,,,,,,,,,,
36398,174,233,180,,0.972067039,0.959816909,,174,226,174,,,,,,,,,,,,
36515,174,233,180,,0.972067039,0.959816909,,174,226,174,,,,,,,,,,,,
36647,174,234,180,,0.972067039,0.959816909,,175,226,174,,,,,,,,,,,,
3328,175,226,176,,0.977653631,0.965333098,,175,226,174,,,,,,,,,,,,
3796,175,227,175,,0.977653631,0.965333098,,175,226,174,,,,,,,,,,,,
5545,175,227,169,,0.977653631,0.965333098,,175,226,174,,,,,,,,,,,,
5579,175,226,175,,0.977653631,0.965333098,,175,226,174,,,,,,,,,,,,
5612,175,227,175,,0.977653631,0.965333098,,175,226,174,,,,,,,,,,,,
7096,175,227,175,,0.977653631,0.965333098,,175,226,174,,,,,,,,,,,,
7196,175,227,176,,0.977653631,0.965333098,,175,226,174,,,,,,,,,,,,
8563,175,227,175,,0.977653631,0.965333098,,175,227,174,,,,,,,,,,,,
8662,175,221,175,,0.977653631,0.965333098,,175,227,174,,,,,,,,,,,,
8696,175,226,170,,0.977653631,0.965333098,,175,227,174,,,,,,,,,,,,
8912,175,220,168,,0.977653631,0.965333098,,175,227,174,,,,,,,,,,,,
8930,175,227,176,,0.977653631,0.965333098,,175,227,174,,,,,,,,,,,,
9062,175,219,174,,0.977653631,0.965333098,,175,227,174,,,,,,,,,,,,
9195,175,227,175,,0.977653631,0.965333098,,175,227,174,,,,,,,,,,,,
9263,175,227,176,,0.977653631,0.965333098,,175,227,174,,,,,,,,,,,,
9279,175,222,176,,0.977653631,0.965333098,,175,227,174,,,,,,,,,,,,
9380,175,226,169,,0.977653631,0.965333098,,175,227,174,,,,,,,,,,,,
9414,175,225,174,,0.977653631,0.965333098,,175,227,174,,,,,,,,,,,,
9513,175,221,176,,0.977653631,0.965333098,,175,227,174,,,,,,,,,,,,
10397,175,235,181,,0.977653631,0.965333098,,175,227,174,,,,,,,,,,,,
10646,175,234,180,,0.977653631,0.965333098,,175,227,174,,,,,,,,,,,,
13030,175,234,181,,0.977653631,0.965333098,,175,227,174,,,,,,,,,,,,
13796,175,235,181,,0.977653631,0.965333098,,175,227,174,,,,,,,,,,,,
13830,175,235,181,,0.977653631,0.965333098,,175,227,175,,,,,,,,,,,,
13862,175,235,182,,0.977653631,0.965333098,,175,227,175,,,,,,,,,,,,
14730,175,236,182,,0.977653631,0.965333098,,175,227,175,,,,,,,,,,,,
14779,175,234,180,,0.977653631,0.965333098,,175,227,175,,,,,,,,,,,,
15030,175,234,180,,0.977653631,0.965333098,,175,227,175,,,,,,,,,,,,
15096,175,235,182,,0.977653631,0.965333098,,175,227,175,,,,,,,,,,,,
15330,175,235,181,,0.977653631,0.965333098,,175,227,175,,,,,,,,,,,,
15346,175,235,181,,0.977653631,0.965333098,,175,227,175,,,,,,,,,,,,
31330,175,232,179,,0.977653631,0.965333098,,175,227,175,,,,,,,,,,,,
31831,175,235,181,,0.977653631,0.965333098,,175,227,175,,,,,,,,,,,,
32898,175,235,181,,0.977653631,0.965333098,,175,227,175,,,,,,,,,,,,
33414,175,232,179,,0.977653631,0.965333098,,175,227,175,,,,,,,,,,,,
35280,175,235,180,,0.977653631,0.965333098,,175,227,175,,,,,,,,,,,,
35565,175,236,182,,0.977653631,0.965333098,,176,227,175,,,,,,,,,,,,
3061,176,228,170,,0.983240223,0.970849288,,176,227,175,,,,,,,,,,,,
3098,176,228,170,,0.983240223,0.970849288,,176,227,175,,,,,,,,,,,,
3129,176,228,170,,0.983240223,0.970849288,,176,227,175,,,,,,,,,,,,
3162,176,229,177,,0.983240223,0.970849288,,176,227,175,,,,,,,,,,,,
3195,176,228,175,,0.983240223,0.970849288,,176,227,175,,,,,,,,,,,,
3344,176,223,177,,0.983240223,0.970849288,,176,227,175,,,,,,,,,,,,
3445,176,229,177,,0.983240223,0.970849288,,176,227,175,,,,,,,,,,,,
3479,176,229,177,,0.983240223,0.970849288,,176,227,175,,,,,,,,,,,,
3578,176,228,170,,0.983240223,0.970849288,,176,227,175,,,,,,,,,,,,
3612,176,228,170,,0.983240223,0.970849288,,176,227,175,,,,,,,,,,,,
3645,176,228,170,,0.983240223,0.970849288,,176,228,175,,,,,,,,,,,,
3662,176,229,170,,0.983240223,0.970849288,,176,228,175,,,,,,,,,,,,
3695,176,230,171,,0.983240223,0.970849288,,176,228,175,,,,,,,,,,,,
3761,176,228,176,,0.983240223,0.970849288,,176,228,175,,,,,,,,,,,,
3862,176,229,176,,0.983240223,0.970849288,,176,228,175,,,,,,,,,,,,
3945,176,229,176,,0.983240223,0.970849288,,176,228,175,,,,,,,,,,,,
3979,176,228,175,,0.983240223,0.970849288,,176,228,175,,,,,,,,,,,,
4012,176,228,176,,0.983240223,0.970849288,,176,228,175,,,,,,,,,,,,
4045,176,223,177,,0.983240223,0.970849288,,176,228,175,,,,,,,,,,,,
4313,176,222,176,,0.983240223,0.970849288,,176,228,175,,,,,,,,,,,,
4330,176,222,176,,0.983240223,0.970849288,,176,228,175,,,,,,,,,,,,
4362,176,222,176,,0.983240223,0.970849288,,176,228,175,,,,,,,,,,,,
4528,176,222,177,,0.983240223,0.970849288,,176,228,175,,,,,,,,,,,,
4645,176,228,176,,0.983240223,0.970849288,,176,228,175,,,,,,,,,,,,
4679,176,222,176,,0.983240223,0.970849288,,176,228,175,,,,,,,,,,,,
4712,176,222,176,,0.983240223,0.970849288,,176,228,175,,,,,,,,,,,,
4746,176,222,176,,0.983240223,0.970849288,,176,228,175,,,,,,,,,,,,
4812,176,228,170,,0.983240223,0.970849288,,176,228,175,,,,,,,,,,,,
4846,176,229,170,,0.983240223,0.970849288,,176,228,175,,,,,,,,,,,,
4878,176,229,171,,0.983240223,0.970849288,,176,228,175,,,,,,,,,,,,
5028,176,229,176,,0.983240223,0.970849288,,176,228,175,,,,,,,,,,,,
5095,176,230,170,,0.983240223,0.970849288,,176,228,175,,,,,,,,,,,,
5195,176,228,175,,0.983240223,0.970849288,,176,228,175,,,,,,,,,,,,
5262,176,230,177,,0.983240223,0.970849288,,176,228,175,,,,,,,,,,,,
5312,176,228,176,,0.983240223,0.970849288,,176,228,175,,,,,,,,,,,,
5346,176,228,177,,0.983240223,0.970849288,,176,228,175,,,,,,,,,,,,
5379,176,229,176,,0.983240223,0.970849288,,176,228,175,,,,,,,,,,,,
5628,176,222,176,,0.983240223,0.970849288,,176,228,175,,,,,,,,,,,,
7030,176,222,177,,0.983240223,0.970849288,,176,228,175,,,,,,,,,,,,
7729,176,222,176,,0.983240223,0.970849288,,176,228,175,,,,,,,,,,,,
7830,176,228,176,,0.983240223,0.970849288,,176,228,175,,,,,,,,,,,,
7863,176,228,170,,0.983240223,0.970849288,,176,228,175,,,,,,,,,,,,
7897,176,229,170,,0.983240223,0.970849288,,176,228,175,,,,,,,,,,,,
8496,176,228,170,,0.983240223,0.970849288,,176,228,175,,,,,,,,,,,,
8529,176,227,169,,0.983240223,0.970849288,,176,228,175,,,,,,,,,,,,
8712,176,228,176,,0.983240223,0.970849288,,176,228,175,,,,,,,,,,,,
8746,176,228,176,,0.983240223,0.970849288,,176,228,176,,,,,,,,,,,,
8963,176,228,177,,0.983240223,0.970849288,,176,228,176,,,,,,,,,,,,
9312,176,222,176,,0.983240223,0.970849288,,176,228,176,,,,,,,,,,,,
9346,176,228,170,,0.983240223,0.970849288,,176,228,176,,,,,,,,,,,,
9662,176,227,176,,0.983240223,0.970849288,,176,228,176,,,,,,,,,,,,
9696,176,222,176,,0.983240223,0.970849288,,176,228,176,,,,,,,,,,,,
9729,176,228,170,,0.983240223,0.970849288,,176,228,176,,,,,,,,,,,,
9763,176,228,176,,0.983240223,0.970849288,,176,228,176,,,,,,,,,,,,
9796,176,227,175,,0.983240223,0.970849288,,176,228,176,,,,,,,,,,,,
10429,176,236,182,,0.983240223,0.970849288,,176,229,176,,,,,,,,,,,,
10879,176,236,182,,0.983240223,0.970849288,,176,229,176,,,,,,,,,,,,
11030,176,236,176,,0.983240223,0.970849288,,176,229,176,,,,,,,,,,,,
11731,176,235,182,,0.983240223,0.970849288,,176,229,176,,,,,,,,,,,,
12246,176,236,177,,0.983240223,0.970849288,,176,229,176,,,,,,,,,,,,
12429,176,236,182,,0.983240223,0.970849288,,176,229,176,,,,,,,,,,,,
12462,176,236,181,,0.983240223,0.970849288,,176,229,176,,,,,,,,,,,,
14046,176,236,182,,0.983240223,0.970849288,,176,229,176,,,,,,,,,,,,
14312,176,236,182,,0.983240223,0.970849288,,176,229,176,,,,,,,,,,,,
14746,176,235,181,,0.983240223,0.970849288,,176,229,176,,,,,,,,,,,,
15162,176,235,181,,0.983240223,0.970849288,,176,229,176,,,,,,,,,,,,
15196,176,235,181,,0.983240223,0.970849288,,176,229,176,,,,,,,,,,,,
15514,176,236,176,,0.983240223,0.970849288,,176,229,176,,,,,,,,,,,,
15697,176,237,183,,0.983240223,0.970849288,,176,229,176,,,,,,,,,,,,
27848,176,236,183,,0.983240223,0.970849288,,176,229,176,,,,,,,,,,,,
27881,176,237,183,,0.983240223,0.970849288,,176,229,176,,,,,,,,,,,,
29281,176,236,182,,0.983240223,0.970849288,,176,229,176,,,,,,,,,,,,
30047,176,236,182,,0.983240223,0.970849288,,176,229,176,,,,,,,,,,,,
30531,176,236,181,,0.983240223,0.970849288,,176,229,176,,,,,,,,,,,,
30748,176,235,181,,0.983240223,0.970849288,,176,229,176,,,,,,,,,,,,
31297,176,232,179,,0.983240223,0.970849288,,176,229,176,,,,,,,,,,,,
32214,176,235,181,,0.983240223,0.970849288,,176,229,176,,,,,,,,,,,,
34764,176,236,181,,0.983240223,0.970849288,,176,229,176,,,,,,,,,,,,
35598,176,236,181,,0.983240223,0.970849288,,176,229,176,,,,,,,,,,,,
35982,176,237,182,,0.983240223,0.970849288,,176,229,176,,,,,,,,,,,,
36014,176,235,181,,0.983240223,0.970849288,,176,229,176,,,,,,,,,,,,
36731,176,237,176,,0.983240223,0.970849288,,176,229,176,,,,,,,,,,,,
37147,176,236,181,,0.983240223,0.970849288,,176,229,176,,,,,,,,,,,,
37698,176,236,183,,0.983240223,0.970849288,,176,229,176,,,,,,,,,,,,
37847,176,236,182,,0.983240223,0.970849288,,177,229,176,,,,,,,,,,,,
3028,177,229,171,,0.988826816,0.976365477,,177,229,176,,,,,,,,,,,,
3379,177,224,177,,0.988826816,0.976365477,,177,229,176,,,,,,,,,,,,
3412,177,224,177,,0.988826816,0.976365477,,177,229,176,,,,,,,,,,,,
3511,177,229,176,,0.988826816,0.976365477,,177,229,176,,,,,,,,,,,,
3545,177,222,176,,0.988826816,0.976365477,,177,229,176,,,,,,,,,,,,
3728,177,230,170,,0.988826816,0.976365477,,177,229,176,,,,,,,,,,,,
3895,177,230,177,,0.988826816,0.976365477,,177,229,176,,,,,,,,,,,,
3929,177,230,176,,0.988826816,0.976365477,,177,229,176,,,,,,,,,,,,
4078,177,226,177,,0.988826816,0.976365477,,177,229,176,,,,,,,,,,,,
4145,177,230,177,,0.988826816,0.976365477,,177,229,176,,,,,,,,,,,,
4213,177,230,171,,0.988826816,0.976365477,,177,229,176,,,,,,,,,,,,
4279,177,223,177,,0.988826816,0.976365477,,177,229,176,,,,,,,,,,,,
4396,177,230,177,,0.988826816,0.976365477,,177,229,176,,,,,,,,,,,,
4430,177,224,177,,0.988826816,0.976365477,,177,229,176,,,,,,,,,,,,
4462,177,223,176,,0.988826816,0.976365477,,177,229,176,,,,,,,,,,,,
4495,177,222,176,,0.988826816,0.976365477,,177,229,176,,,,,,,,,,,,
4562,177,224,177,,0.988826816,0.976365477,,177,229,176,,,,,,,,,,,,
4612,177,229,176,,0.988826816,0.976365477,,177,229,176,,,,,,,,,,,,
4779,177,229,170,,0.988826816,0.976365477,,177,229,176,,,,,,,,,,,,
5062,177,229,171,,0.988826816,0.976365477,,177,229,176,,,,,,,,,,,,
5128,177,230,171,,0.988826816,0.976365477,,177,229,176,,,,,,,,,,,,
5163,177,230,171,,0.988826816,0.976365477,,177,229,176,,,,,,,,,,,,
5229,177,229,177,,0.988826816,0.976365477,,177,230,176,,,,,,,,,,,,
5296,177,228,170,,0.988826816,0.976365477,,177,230,176,,,,,,,,,,,,
5412,177,229,177,,0.988826816,0.976365477,,177,230,177,,,,,,,,,,,,
5446,177,231,172,,0.988826816,0.976365477,,177,230,177,,,,,,,,,,,,
5479,177,224,177,,0.988826816,0.976365477,,177,230,177,,,,,,,,,,,,
5513,177,222,176,,0.988826816,0.976365477,,177,230,177,,,,,,,,,,,,
5662,177,229,171,,0.988826816,0.976365477,,177,230,177,,,,,,,,,,,,
5695,177,230,177,,0.988826816,0.976365477,,177,230,177,,,,,,,,,,,,
5729,177,223,177,,0.988826816,0.976365477,,177,230,177,,,,,,,,,,,,
6813,177,229,176,,0.988826816,0.976365477,,177,230,177,,,,,,,,,,,,
6845,177,229,177,,0.988826816,0.976365477,,177,230,177,,,,,,,,,,,,
6878,177,230,177,,0.988826816,0.976365477,,177,230,177,,,,,,,,,,,,
6913,177,231,178,,0.988826816,0.976365477,,177,230,177,,,,,,,,,,,,
7062,177,222,176,,0.988826816,0.976365477,,177,230,177,,,,,,,,,,,,
7263,177,231,178,,0.988826816,0.976365477,,177,230,177,,,,,,,,,,,,
7378,177,230,177,,0.988826816,0.976365477,,177,230,177,,,,,,,,,,,,
7412,177,231,171,,0.988826816,0.976365477,,177,230,177,,,,,,,,,,,,
7480,177,223,177,,0.988826816,0.976365477,,177,230,177,,,,,,,,,,,,
7512,177,230,178,,0.988826816,0.976365477,,177,230,177,,,,,,,,,,,,
7546,177,230,178,,0.988826816,0.976365477,,177,230,177,,,,,,,,,,,,
7662,177,228,176,,0.988826816,0.976365477,,177,230,177,,,,,,,,,,,,
7695,177,229,176,,0.988826816,0.976365477,,177,230,177,,,,,,,,,,,,
7762,177,223,177,,0.988826816,0.976365477,,177,230,177,,,,,,,,,,,,
7797,177,229,174,,0.988826816,0.976365477,,177,230,177,,,,,,,,,,,,
7929,177,229,177,,0.988826816,0.976365477,,177,230,177,,,,,,,,,,,,
7946,177,224,177,,0.988826816,0.976365477,,177,230,177,,,,,,,,,,,,
7996,177,223,178,,0.988826816,0.976365477,,177,230,177,,,,,,,,,,,,
8028,177,229,177,,0.988826816,0.976365477,,177,230,177,,,,,,,,,,,,
8145,177,230,171,,0.988826816,0.976365477,,177,230,177,,,,,,,,,,,,
8179,177,229,176,,0.988826816,0.976365477,,177,230,177,,,,,,,,,,,,
8212,177,223,177,,0.988826816,0.976365477,,177,230,177,,,,,,,,,,,,
8245,177,226,178,,0.988826816,0.976365477,,177,230,177,,,,,,,,,,,,
8280,177,230,178,,0.988826816,0.976365477,,177,230,177,,,,,,,,,,,,
8313,177,229,177,,0.988826816,0.976365477,,177,230,177,,,,,,,,,,,,
8346,177,228,176,,0.988826816,0.976365477,,177,230,177,,,,,,,,,,,,
8462,177,229,171,,0.988826816,0.976365477,,177,230,177,,,,,,,,,,,,
8780,177,230,177,,0.988826816,0.976365477,,177,230,177,,,,,,,,,,,,
9545,177,224,178,,0.988826816,0.976365477,,177,230,177,,,,,,,,,,,,
9579,177,223,177,,0.988826816,0.976365477,,177,230,177,,,,,,,,,,,,
9613,177,229,177,,0.988826816,0.976365477,,177,230,177,,,,,,,,,,,,
9630,177,228,176,,0.988826816,0.976365477,,177,230,177,,,,,,,,,,,,
10812,177,238,183,,0.988826816,0.976365477,,177,230,177,,,,,,,,,,,,
10847,177,237,183,,0.988826816,0.976365477,,177,230,177,,,,,,,,,,,,
11996,177,237,182,,0.988826816,0.976365477,,177,230,177,,,,,,,,,,,,
15730,177,237,183,,0.988826816,0.976365477,,177,230,177,,,,,,,,,,,,
15764,177,238,183,,0.988826816,0.976365477,,177,230,177,,,,,,,,,,,,
27564,177,238,184,,0.988826816,0.976365477,,177,230,177,,,,,,,,,,,,
27915,177,239,183,,0.988826816,0.976365477,,177,230,177,,,,,,,,,,,,
28148,177,237,182,,0.988826816,0.976365477,,177,230,177,,,,,,,,,,,,
28848,177,237,176,,0.988826816,0.976365477,,177,230,177,,,,,,,,,,,,
28964,177,238,183,,0.988826816,0.976365477,,177,230,177,,,,,,,,,,,,
28998,177,238,183,,0.988826816,0.976365477,,177,230,177,,,,,,,,,,,,
29031,177,237,183,,0.988826816,0.976365477,,177,230,177,,,,,,,,,,,,
29064,177,237,183,,0.988826816,0.976365477,,177,230,177,,,,,,,,,,,,
29098,177,238,183,,0.988826816,0.976365477,,177,231,177,,,,,,,,,,,,
29131,177,239,184,,0.988826816,0.976365477,,177,231,177,,,,,,,,,,,,
29832,177,237,177,,0.988826816,0.976365477,,177,231,177,,,,,,,,,,,,
30330,177,238,183,,0.988826816,0.976365477,,177,231,177,,,,,,,,,,,,
35247,177,236,181,,0.988826816,0.976365477,,177,231,177,,,,,,,,,,,,
37432,177,237,182,,0.988826816,0.976365477,,177,231,177,,,,,,,,,,,,
37914,177,238,183,,0.988826816,0.976365477,,177,231,177,,,,,,,,,,,,
37947,177,238,182,,0.988826816,0.976365477,,177,231,177,,,,,,,,,,,,
37981,177,237,182,,0.988826816,0.976365477,,178,231,177,,,,,,,,,,,,
2562,178,231,178,,0.994413408,0.981881666,,178,231,177,,,,,,,,,,,,
2596,178,232,173,,0.994413408,0.981881666,,178,231,177,,,,,,,,,,,,
2812,178,231,178,,0.994413408,0.981881666,,178,231,177,,,,,,,,,,,,
2912,178,230,178,,0.994413408,0.981881666,,178,231,177,,,,,,,,,,,,
2962,178,230,178,,0.994413408,0.981881666,,178,231,177,,,,,,,,,,,,
2995,178,231,171,,0.994413408,0.981881666,,178,231,178,,,,,,,,,,,,
4113,178,230,177,,0.994413408,0.981881666,,178,231,178,,,,,,,,,,,,
4245,178,231,176,,0.994413408,0.981881666,,178,231,178,,,,,,,,,,,,
4595,178,231,177,,0.994413408,0.981881666,,178,231,178,,,,,,,,,,,,
4911,178,225,178,,0.994413408,0.981881666,,178,231,178,,,,,,,,,,,,
4946,178,231,178,,0.994413408,0.981881666,,178,231,178,,,,,,,,,,,,
4979,178,231,178,,0.994413408,0.981881666,,178,231,178,,,,,,,,,,,,
5762,178,230,178,,0.994413408,0.981881666,,178,231,178,,,,,,,,,,,,
5796,178,232,179,,0.994413408,0.981881666,,178,231,178,,,,,,,,,,,,
6312,178,233,179,,0.994413408,0.981881666,,178,231,178,,,,,,,,,,,,
6746,178,225,178,,0.994413408,0.981881666,,178,231,178,,,,,,,,,,,,
6779,178,224,177,,0.994413408,0.981881666,,178,231,178,,,,,,,,,,,,
6996,178,230,177,,0.994413408,0.981881666,,178,231,178,,,,,,,,,,,,
7296,178,231,178,,0.994413408,0.981881666,,178,231,178,,,,,,,,,,,,
7346,178,230,177,,0.994413408,0.981881666,,178,231,178,,,,,,,,,,,,
7445,178,224,177,,0.994413408,0.981881666,,178,231,178,,,,,,,,,,,,
7613,178,231,178,,0.994413408,0.981881666,,178,231,178,,,,,,,,,,,,
7646,178,223,177,,0.994413408,0.981881666,,178,231,178,,,,,,,,,,,,
8046,178,230,177,,0.994413408,0.981881666,,178,231,178,,,,,,,,,,,,
8112,178,230,178,,0.994413408,0.981881666,,178,231,178,,,,,,,,,,,,
8429,178,230,175,,0.994413408,0.981881666,,178,231,178,,,,,,,,,,,,
9879,178,231,173,,0.994413408,0.981881666,,178,231,178,,,,,,,,,,,,
9913,178,225,178,,0.994413408,0.981881666,,178,231,178,,,,,,,,,,,,
14696,178,235,181,,0.994413408,0.981881666,,178,231,178,,,,,,,,,,,,
16313,178,239,184,,0.994413408,0.981881666,,178,231,178,,,,,,,,,,,,
27381,178,238,184,,0.994413408,0.981881666,,178,231,178,,,,,,,,,,,,
27531,178,237,184,,0.994413408,0.981881666,,178,231,178,,,,,,,,,,,,
29515,178,239,184,,0.994413408,0.981881666,,178,231,178,,,,,,,,,,,,
30014,178,238,183,,0.994413408,0.981881666,,178,231,178,,,,,,,,,,,,
30297,178,238,183,,0.994413408,0.981881666,,178,231,178,,,,,,,,,,,,
33065,178,231,178,,0.994413408,0.981881666,,178,231,178,,,,,,,,,,,,
33097,178,231,172,,0.994413408,0.981881666,,178,231,178,,,,,,,,,,,,
33131,178,225,179,,0.994413408,0.981881666,,178,232,178,,,,,,,,,,,,
33547,178,232,179,,0.994413408,0.981881666,,178,232,178,,,,,,,,,,,,
34615,178,232,179,,0.994413408,0.981881666,,179,232,178,,,,,,,,,,,,
2530,179,232,178,,1,0.987397855,,179,232,178,,,,,,,,,,,,
2629,179,232,180,,1,0.987397855,,179,232,178,,,,,,,,,,,,
2646,179,228,180,,1,0.987397855,,179,232,178,,,,,,,,,,,,
2712,179,233,179,,1,0.987397855,,179,232,178,,,,,,,,,,,,
2844,179,232,172,,1,0.987397855,,179,232,178,,,,,,,,,,,,
2878,179,225,178,,1,0.987397855,,179,232,178,,,,,,,,,,,,
5828,179,233,180,,1,0.987397855,,179,232,178,,,,,,,,,,,,
5863,179,226,179,,1,0.987397855,,179,232,178,,,,,,,,,,,,
5895,179,233,180,,1,0.987397855,,179,232,178,,,,,,,,,,,,
6329,179,226,180,,1,0.987397855,,179,232,178,,,,,,,,,,,,
6363,179,234,177,,1,0.987397855,,179,232,178,,,,,,,,,,,,
6612,179,232,173,,1,0.987397855,,179,232,178,,,,,,,,,,,,
6646,179,232,179,,1,0.987397855,,179,232,178,,,,,,,,,,,,
6679,179,225,179,,1,0.987397855,,179,232,178,,,,,,,,,,,,
6713,179,231,172,,1,0.987397855,,179,232,179,,,,,,,,,,,,
6945,179,232,173,,1,0.987397855,,179,232,179,,,,,,,,,,,,
6962,179,232,178,,1,0.987397855,,179,232,179,,,,,,,,,,,,
7312,179,231,178,,1,0.987397855,,179,232,179,,,,,,,,,,,,
9946,179,232,179,,1,0.987397855,,179,232,179,,,,,,,,,,,,
9979,179,232,179,,1,0.987397855,,179,232,179,,,,,,,,,,,,
12696,179,226,179,,1,0.987397855,,179,232,179,,,,,,,,,,,,
12712,179,232,179,,1,0.987397855,,179,232,179,,,,,,,,,,,,
12746,179,232,180,,1,0.987397855,,179,232,179,,,,,,,,,,,,
13096,179,231,172,,1,0.987397855,,179,232,179,,,,,,,,,,,,
13129,179,231,179,,1,0.987397855,,179,232,179,,,,,,,,,,,,
13163,179,226,179,,1,0.987397855,,179,232,179,,,,,,,,,,,,
15796,179,237,183,,1,0.987397855,,179,232,179,,,,,,,,,,,,
15964,179,240,184,,1,0.987397855,,179,232,179,,,,,,,,,,,,
17230,179,241,186,,1,0.987397855,,179,232,179,,,,,,,,,,,,
25598,179,242,186,,1,0.987397855,,179,232,179,,,,,,,,,,,,
25831,179,241,185,,1,0.987397855,,179,232,179,,,,,,,,,,,,
26014,179,240,184,,1,0.987397855,,179,232,179,,,,,,,,,,,,
26115,179,235,186,,1,0.987397855,,179,232,179,,,,,,,,,,,,
26832,179,240,186,,1,0.987397855,,179,232,179,,,,,,,,,,,,
31346,179,227,180,,1,0.987397855,,179,232,179,,,,,,,,,,,,
31414,179,233,179,,1,0.987397855,,179,232,179,,,,,,,,,,,,
31481,179,227,179,,1,0.987397855,,179,232,179,,,,,,,,,,,,
31514,179,232,173,,1,0.987397855,,179,232,179,,,,,,,,,,,,
31547,179,233,180,,1,0.987397855,,179,232,179,,,,,,,,,,,,
31581,179,227,179,,1,0.987397855,,179,233,179,,,,,,,,,,,,
31614,179,226,179,,1,0.987397855,,179,233,179,,,,,,,,,,,,
31630,179,233,173,,1,0.987397855,,179,233,179,,,,,,,,,,,,
31664,179,232,179,,1,0.987397855,,179,233,179,,,,,,,,,,,,
31698,179,227,179,,1,0.987397855,,179,233,179,,,,,,,,,,,,
31980,179,232,179,,1,0.987397855,,179,233,179,,,,,,,,,,,,
32014,179,232,178,,1,0.987397855,,179,233,179,,,,,,,,,,,,
32815,179,233,180,,1,0.987397855,,179,233,179,,,,,,,,,,,,
32997,179,232,178,,1,0.987397855,,179,233,179,,,,,,,,,,,,
33031,179,232,178,,1,0.987397855,,179,233,179,,,,,,,,,,,,
33164,179,233,173,,1,0.987397855,,179,233,179,,,,,,,,,,,,
33315,179,233,180,,1,0.987397855,,179,233,179,,,,,,,,,,,,
33347,179,232,173,,1,0.987397855,,179,233,179,,,,,,,,,,,,
33381,179,232,179,,1,0.987397855,,179,233,179,,,,,,,,,,,,
33565,179,234,180,,1,0.987397855,,179,233,179,,,,,,,,,,,,
33797,179,233,173,,1,0.987397855,,179,233,179,,,,,,,,,,,,
33815,179,233,173,,1,0.987397855,,179,233,179,,,,,,,,,,,,
33848,179,233,179,,1,0.987397855,,179,233,179,,,,,,,,,,,,
34114,179,234,180,,1,0.987397855,,179,233,179,,,,,,,,,,,,
34297,179,233,179,,1,0.987397855,,179,233,179,,,,,,,,,,,,
34330,179,234,180,,1,0.987397855,,179,233,179,,,,,,,,,,,,
34514,179,233,179,,1,0.987397855,,179,233,179,,,,,,,,,,,,
34998,179,232,178,,1,0.987397855,,179,233,179,,,,,,,,,,,,
35031,179,231,172,,1,0.987397855,,179,233,179,,,,,,,,,,,,
35064,179,226,179,,1,0.987397855,,179,233,179,,,,,,,,,,,,
35098,179,232,179,,1,0.987397855,,179,233,179,,,,,,,,,,,,
35348,179,232,179,,1,0.987397855,,179,233,179,,,,,,,,,,,,
35381,179,234,175,,1,0.987397855,,179,233,179,,,,,,,,,,,,
36414,179,227,179,,1,0.987397855,,179,233,179,,,,,,,,,,,,
36447,179,233,179,,1,0.987397855,,179,233,179,,,,,,,,,,,,
36481,179,233,179,,1,0.987397855,,180,233,179,,,,,,,,,,,,
2679,180,233,180,,0.994413408,0.992914044,,180,233,179,,,,,,,,,,,,
5929,180,233,174,,0.994413408,0.992914044,,180,233,179,,,,,,,,,,,,
5962,180,234,181,,0.994413408,0.992914044,,180,233,179,,,,,,,,,,,,
5995,180,234,181,,0.994413408,0.992914044,,180,233,180,,,,,,,,,,,,
6012,180,234,180,,0.994413408,0.992914044,,180,233,180,,,,,,,,,,,,
6046,180,227,179,,0.994413408,0.992914044,,180,233,180,,,,,,,,,,,,
6079,180,233,180,,0.994413408,0.992914044,,180,233,180,,,,,,,,,,,,
6112,180,233,174,,0.994413408,0.992914044,,180,233,180,,,,,,,,,,,,
6146,180,235,175,,0.994413408,0.992914044,,180,233,180,,,,,,,,,,,,
6279,180,233,180,,0.994413408,0.992914044,,180,233,180,,,,,,,,,,,,
10045,180,227,180,,0.994413408,0.992914044,,180,233,180,,,,,,,,,,,,
10079,180,234,181,,0.994413408,0.992914044,,180,233,180,,,,,,,,,,,,
10213,180,233,180,,0.994413408,0.992914044,,180,233,180,,,,,,,,,,,,
10229,180,234,175,,0.994413408,0.992914044,,180,233,180,,,,,,,,,,,,
10562,180,234,174,,0.994413408,0.992914044,,180,233,180,,,,,,,,,,,,
10595,180,234,175,,0.994413408,0.992914044,,180,233,180,,,,,,,,,,,,
10679,180,228,181,,0.994413408,0.992914044,,180,233,180,,,,,,,,,,,,
10713,180,228,181,,0.994413408,0.992914044,,180,233,180,,,,,,,,,,,,
12496,180,235,181,,0.994413408,0.992914044,,180,233,180,,,,,,,,,,,,
12846,180,227,180,,0.994413408,0.992914044,,180,233,180,,,,,,,,,,,,
12879,180,233,180,,0.994413408,0.992914044,,180,233,180,,,,,,,,,,,,
12913,180,233,180,,0.994413408,0.992914044,,180,233,180,,,,,,,,,,,,
12946,180,233,175,,0.994413408,0.992914044,,180,233,180,,,,,,,,,,,,
12979,180,234,181,,0.994413408,0.992914044,,180,233,180,,,,,,,,,,,,
13063,180,227,179,,0.994413408,0.992914044,,180,233,180,,,,,,,,,,,,
13196,180,234,181,,0.994413408,0.992914044,,180,233,180,,,,,,,,,,,,
13479,180,233,180,,0.994413408,0.992914044,,180,233,180,,,,,,,,,,,,
13547,180,227,180,,0.994413408,0.992914044,,180,233,180,,,,,,,,,,,,
13580,180,234,180,,0.994413408,0.992914044,,180,233,180,,,,,,,,,,,,
14813,180,233,180,,0.994413408,0.992914044,,180,233,180,,,,,,,,,,,,
14846,180,227,180,,0.994413408,0.992914044,,180,233,180,,,,,,,,,,,,
14880,180,227,180,,0.994413408,0.992914044,,180,233,180,,,,,,,,,,,,
14912,180,234,181,,0.994413408,0.992914044,,180,233,180,,,,,,,,,,,,
14964,180,233,180,,0.994413408,0.992914044,,180,234,180,,,,,,,,,,,,
15129,180,235,181,,0.994413408,0.992914044,,180,234,180,,,,,,,,,,,,
16413,180,241,186,,0.994413408,0.992914044,,180,234,180,,,,,,,,,,,,
16530,180,235,186,,0.994413408,0.992914044,,180,234,180,,,,,,,,,,,,
16980,180,241,186,,0.994413408,0.992914044,,180,234,180,,,,,,,,,,,,
20397,180,242,186,,0.994413408,0.992914044,,180,234,180,,,,,,,,,,,,
24148,180,241,186,,0.994413408,0.992914044,,180,234,180,,,,,,,,,,,,
24665,180,242,187,,0.994413408,0.992914044,,180,234,180,,,,,,,,,,,,
24815,180,242,186,,0.994413408,0.992914044,,180,234,180,,,,,,,,,,,,
25098,180,240,185,,0.994413408,0.992914044,,180,234,180,,,,,,,,,,,,
25198,180,242,186,,0.994413408,0.992914044,,180,234,180,,,,,,,,,,,,
25481,180,241,186,,0.994413408,0.992914044,,180,234,180,,,,,,,,,,,,
25731,180,242,187,,0.994413408,0.992914044,,180,234,180,,,,,,,,,,,,
28549,180,234,181,,0.994413408,0.992914044,,180,234,180,,,,,,,,,,,,
30814,180,227,180,,0.994413408,0.992914044,,180,234,180,,,,,,,,,,,,
30848,180,234,174,,0.994413408,0.992914044,,180,234,180,,,,,,,,,,,,
31065,180,234,180,,0.994413408,0.992914044,,180,234,180,,,,,,,,,,,,
31097,180,228,180,,0.994413408,0.992914044,,180,234,180,,,,,,,,,,,,
31164,180,229,181,,0.994413408,0.992914044,,180,234,180,,,,,,,,,,,,
31230,180,234,180,,0.994413408,0.992914044,,180,234,180,,,,,,,,,,,,
31264,180,233,173,,0.994413408,0.992914044,,180,234,180,,,,,,,,,,,,
31381,180,234,174,,0.994413408,0.992914044,,180,234,180,,,,,,,,,,,,
31732,180,233,180,,0.994413408,0.992914044,,180,234,180,,,,,,,,,,,,
31764,180,234,174,,0.994413408,0.992914044,,180,234,180,,,,,,,,,,,,
31798,180,234,180,,0.994413408,0.992914044,,180,234,180,,,,,,,,,,,,
31915,180,227,180,,0.994413408,0.992914044,,180,234,180,,,,,,,,,,,,
31947,180,227,180,,0.994413408,0.992914044,,180,234,180,,,,,,,,,,,,
32114,180,229,181,,0.994413408,0.992914044,,180,234,180,,,,,,,,,,,,
32298,180,233,180,,0.994413408,0.992914044,,180,234,180,,,,,,,,,,,,
32332,180,227,180,,0.994413408,0.992914044,,180,234,180,,,,,,,,,,,,
32365,180,233,181,,0.994413408,0.992914044,,180,234,180,,,,,,,,,,,,
32397,180,235,181,,0.994413408,0.992914044,,180,234,180,,,,,,,,,,,,
32549,180,234,180,,0.994413408,0.992914044,,180,234,180,,,,,,,,,,,,
32581,180,234,180,,0.994413408,0.992914044,,180,234,180,,,,,,,,,,,,
32615,180,234,175,,0.994413408,0.992914044,,180,234,180,,,,,,,,,,,,
32781,180,227,179,,0.994413408,0.992914044,,180,234,180,,,,,,,,,,,,
32848,180,233,174,,0.994413408,0.992914044,,180,234,180,,,,,,,,,,,,
32964,180,232,179,,0.994413408,0.992914044,,180,234,180,,,,,,,,,,,,
33198,180,234,180,,0.994413408,0.992914044,,180,234,180,,,,,,,,,,,,
33281,180,227,180,,0.994413408,0.992914044,,180,234,180,,,,,,,,,,,,
33764,180,227,180,,0.994413408,0.992914044,,180,234,180,,,,,,,,,,,,
33914,180,228,180,,0.994413408,0.992914044,,180,234,180,,,,,,,,,,,,
33947,180,228,180,,0.994413408,0.992914044,,180,234,180,,,,,,,,,,,,
33981,180,234,180,,0.994413408,0.992914044,,180,234,180,,,,,,,,,,,,
34047,180,234,180,,0.994413408,0.992914044,,180,234,180,,,,,,,,,,,,
34131,180,228,180,,0.994413408,0.992914044,,180,234,180,,,,,,,,,,,,
34164,180,235,181,,0.994413408,0.992914044,,180,234,180,,,,,,,,,,,,
34230,180,234,174,,0.994413408,0.992914044,,180,234,180,,,,,,,,,,,,
34264,180,233,179,,0.994413408,0.992914044,,180,234,180,,,,,,,,,,,,
34481,180,233,173,,0.994413408,0.992914044,,180,234,180,,,,,,,,,,,,
34547,180,233,179,,0.994413408,0.992914044,,180,234,180,,,,,,,,,,,,
34681,180,235,181,,0.994413408,0.992914044,,180,234,180,,,,,,,,,,,,
34965,180,233,173,,0.994413408,0.992914044,,180,234,180,,,,,,,,,,,,
35114,180,226,180,,0.994413408,0.992914044,,180,234,180,,,,,,,,,,,,
35148,180,229,181,,0.994413408,0.992914044,,180,234,180,,,,,,,,,,,,
35314,180,227,179,,0.994413408,0.992914044,,180,234,180,,,,,,,,,,,,
35730,180,227,180,,0.994413408,0.992914044,,180,234,180,,,,,,,,,,,,
35748,180,234,174,,0.994413408,0.992914044,,180,234,180,,,,,,,,,,,,
35781,180,234,180,,0.994413408,0.992914044,,180,234,180,,,,,,,,,,,,
35848,180,228,181,,0.994413408,0.992914044,,180,234,180,,,,,,,,,,,,
36098,180,229,180,,0.994413408,0.992914044,,180,234,180,,,,,,,,,,,,
36132,180,234,180,,0.994413408,0.992914044,,180,234,180,,,,,,,,,,,,
36164,180,233,174,,0.994413408,0.992914044,,180,234,180,,,,,,,,,,,,
36197,180,233,179,,0.994413408,0.992914044,,180,234,180,,,,,,,,,,,,
36264,180,228,180,,0.994413408,0.992914044,,180,234,180,,,,,,,,,,,,
36298,180,234,180,,0.994413408,0.992914044,,180,234,180,,,,,,,,,,,,
36331,180,234,180,,0.994413408,0.992914044,,180,234,180,,,,,,,,,,,,
36364,180,234,180,,0.994413408,0.992914044,,180,234,180,,,,,,,,,,,,
36548,180,227,179,,0.994413408,0.992914044,,180,234,180,,,,,,,,,,,,
36581,180,233,173,,0.994413408,0.992914044,,180,234,180,,,,,,,,,,,,
36614,180,233,180,,0.994413408,0.992914044,,180,234,181,,,,,,,,,,,,
36681,180,235,181,,0.994413408,0.992914044,,180,234,181,,,,,,,,,,,,
36865,180,228,181,,0.994413408,0.992914044,,181,234,181,,,,,,,,,,,,
6178,181,236,176,,0.988826816,0.998430233,,181,234,181,,,,,,,,,,,,
6246,181,235,175,,0.988826816,0.998430233,,181,234,181,,,,,,,,,,,,
6396,181,235,175,,0.988826816,0.998430233,,181,234,181,,,,,,,,,,,,
6430,181,235,175,,0.988826816,0.998430233,,181,234,181,,,,,,,,,,,,
6463,181,234,175,,0.988826816,0.998430233,,181,234,181,,,,,,,,,,,,
6496,181,235,174,,0.988826816,0.998430233,,181,234,181,,,,,,,,,,,,
6529,181,235,175,,0.988826816,0.998430233,,181,234,181,,,,,,,,,,,,
6562,181,234,180,,0.988826816,0.998430233,,181,235,181,,,,,,,,,,,,
10113,181,235,181,,0.988826816,0.998430233,,181,235,181,,,,,,,,,,,,
10146,181,235,181,,0.988826816,0.998430233,,181,235,181,,,,,,,,,,,,
10179,181,234,181,,0.988826816,0.998430233,,181,235,181,,,,,,,,,,,,
10262,181,235,181,,0.988826816,0.998430233,,181,235,181,,,,,,,,,,,,
10295,181,235,181,,0.988826816,0.998430233,,181,235,181,,,,,,,,,,,,
10529,181,234,174,,0.988826816,0.998430233,,181,235,181,,,,,,,,,,,,
10613,181,235,181,,0.988826816,0.998430233,,181,235,181,,,,,,,,,,,,
10746,181,229,182,,0.988826816,0.998430233,,181,235,181,,,,,,,,,,,,
12079,181,237,177,,0.988826816,0.998430233,,181,235,181,,,,,,,,,,,,
12396,181,235,182,,0.988826816,0.998430233,,181,235,181,,,,,,,,,,,,
12530,181,235,175,,0.988826816,0.998430233,,181,235,181,,,,,,,,,,,,
12562,181,235,176,,0.988826816,0.998430233,,181,235,181,,,,,,,,,,,,
12597,181,235,175,,0.988826816,0.998430233,,181,235,181,,,,,,,,,,,,
12629,181,235,175,,0.988826816,0.998430233,,181,235,181,,,,,,,,,,,,
12663,181,233,179,,0.988826816,0.998430233,,181,235,181,,,,,,,,,,,,
12813,181,235,181,,0.988826816,0.998430233,,181,235,181,,,,,,,,,,,,
13012,181,235,181,,0.988826816,0.998430233,,181,235,181,,,,,,,,,,,,
13229,181,235,175,,0.988826816,0.998430233,,181,235,181,,,,,,,,,,,,
13247,181,235,175,,0.988826816,0.998430233,,181,235,181,,,,,,,,,,,,
13296,181,235,181,,0.988826816,0.998430233,,181,235,181,,,,,,,,,,,,
13313,181,234,182,,0.988826816,0.998430233,,181,235,181,,,,,,,,,,,,
13347,181,235,182,,0.988826816,0.998430233,,181,235,181,,,,,,,,,,,,
13380,181,235,181,,0.988826816,0.998430233,,181,235,181,,,,,,,,,,,,
13413,181,234,175,,0.988826816,0.998430233,,181,235,181,,,,,,,,,,,,
13446,181,234,174,,0.988826816,0.998430233,,181,235,181,,,,,,,,,,,,
13596,181,235,181,,0.988826816,0.998430233,,181,235,181,,,,,,,,,,,,
13630,181,234,181,,0.988826816,0.998430233,,181,235,181,,,,,,,,,,,,
13663,181,234,181,,0.988826816,0.998430233,,181,235,181,,,,,,,,,,,,
13696,181,229,182,,0.988826816,0.998430233,,181,235,181,,,,,,,,,,,,
14146,181,235,181,,0.988826816,0.998430233,,181,235,181,,,,,,,,,,,,
14181,181,235,181,,0.988826816,0.998430233,,181,235,181,,,,,,,,,,,,
14464,181,229,181,,0.988826816,0.998430233,,181,235,181,,,,,,,,,,,,
14497,181,228,181,,0.988826816,0.998430233,,181,235,181,,,,,,,,,,,,
14529,181,228,181,,0.988826816,0.998430233,,181,235,181,,,,,,,,,,,,
14629,181,235,181,,0.988826816,0.998430233,,181,235,181,,,,,,,,,,,,
14662,181,234,181,,0.988826816,0.998430233,,181,235,181,,,,,,,,,,,,
14947,181,234,174,,0.988826816,0.998430233,,181,235,181,,,,,,,,,,,,
15263,181,235,180,,0.988826816,0.998430233,,181,235,181,,,,,,,,,,,,
15379,181,235,175,,0.988826816,0.998430233,,181,235,181,,,,,,,,,,,,
16629,181,243,188,,0.988826816,0.998430233,,181,235,181,,,,,,,,,,,,
18713,181,242,187,,0.988826816,0.998430233,,181,235,181,,,,,,,,,,,,
19830,181,243,187,,0.988826816,0.998430233,,181,235,181,,,,,,,,,,,,
19963,181,243,187,,0.988826816,0.998430233,,181,235,181,,,,,,,,,,,,
19997,181,242,187,,0.988826816,0.998430233,,181,235,181,,,,,,,,,,,,
20247,181,243,187,,0.988826816,0.998430233,,181,235,181,,,,,,,,,,,,
20564,181,244,188,,0.988826816,0.998430233,,181,235,181,,,,,,,,,,,,
22213,181,243,188,,0.988826816,0.998430233,,181,235,181,,,,,,,,,,,,
22347,181,242,187,,0.988826816,0.998430233,,181,235,181,,,,,,,,,,,,
23614,181,243,188,,0.988826816,0.998430233,,181,235,181,,,,,,,,,,,,
23897,181,242,187,,0.988826816,0.998430233,,181,235,181,,,,,,,,,,,,
26398,181,242,186,,0.988826816,0.998430233,,181,235,181,,,,,,,,,,,,
26548,181,243,187,,0.988826816,0.998430233,,181,235,181,,,,,,,,,,,,
26748,181,243,186,,0.988826816,0.998430233,,181,235,181,,,,,,,,,,,,
26965,181,243,187,,0.988826816,0.998430233,,181,235,181,,,,,,,,,,,,
28198,181,235,174,,0.988826816,0.998430233,,181,235,181,,,,,,,,,,,,
28232,181,235,175,,0.988826816,0.998430233,,181,235,181,,,,,,,,,,,,
28265,181,235,175,,0.988826816,0.998430233,,181,235,181,,,,,,,,,,,,
28298,181,235,175,,0.988826816,0.998430233,,181,235,181,,,,,,,,,,,,
28332,181,235,175,,0.988826816,0.998430233,,181,235,181,,,,,,,,,,,,
28365,181,235,175,,0.988826816,0.998430233,,181,235,181,,,,,,,,,,,,
28398,181,235,175,,0.988826816,0.998430233,,181,235,181,,,,,,,,,,,,
28515,181,234,180,,0.988826816,0.998430233,,181,235,181,,,,,,,,,,,,
28582,181,235,181,,0.988826816,0.998430233,,181,235,181,,,,,,,,,,,,
30564,181,235,175,,0.988826816,0.998430233,,181,235,181,,,,,,,,,,,,
30597,181,235,175,,0.988826816,0.998430233,,181,235,181,,,,,,,,,,,,
30881,181,235,175,,0.988826816,0.998430233,,181,235,181,,,,,,,,,,,,
30914,181,235,176,,0.988826816,0.998430233,,181,235,181,,,,,,,,,,,,
31130,181,228,181,,0.988826816,0.998430233,,181,235,181,,,,,,,,,,,,
31198,181,235,181,,0.988826816,0.998430233,,181,235,181,,,,,,,,,,,,
32230,181,235,175,,0.988826816,0.998430233,,181,235,181,,,,,,,,,,,,
32265,181,235,174,,0.988826816,0.998430233,,181,235,181,,,,,,,,,,,,
32432,181,235,182,,0.988826816,0.998430233,,181,235,181,,,,,,,,,,,,
32465,181,229,182,,0.988826816,0.998430233,,181,235,181,,,,,,,,,,,,
32499,181,230,182,,0.988826816,0.998430233,,181,235,181,,,,,,,,,,,,
32532,181,229,181,,0.988826816,0.998430233,,181,235,181,,,,,,,,,,,,
32648,181,235,175,,0.988826816,0.998430233,,181,235,181,,,,,,,,,,,,
32681,181,235,175,,0.988826816,0.998430233,,181,235,181,,,,,,,,,,,,
32714,181,234,180,,0.988826816,0.998430233,,181,235,181,,,,,,,,,,,,
32865,181,235,181,,0.988826816,0.998430233,,181,235,181,,,,,,,,,,,,
33598,181,229,181,,0.988826816,0.998430233,,181,235,181,,,,,,,,,,,,
33697,181,235,181,,0.988826816,0.998430233,,181,235,181,,,,,,,,,,,,
34014,181,235,174,,0.988826816,0.998430233,,181,235,181,,,,,,,,,,,,
34197,181,234,174,,0.988826816,0.998430233,,181,235,181,,,,,,,,,,,,
34364,181,235,181,,0.988826816,0.998430233,,181,235,181,,,,,,,,,,,,
34397,181,235,181,,0.988826816,0.998430233,,181,235,181,,,,,,,,,,,,
34431,181,235,181,,0.988826816,0.998430233,,181,235,181,,,,,,,,,,,,
34447,181,234,174,,0.988826816,0.998430233,,181,235,181,,,,,,,,,,,,
34714,181,236,182,,0.988826816,0.998430233,,181,235,181,,,,,,,,,,,,
34797,181,235,175,,0.988826816,0.998430233,,181,235,181,,,,,,,,,,,,
34830,181,235,181,,0.988826816,0.998430233,,181,235,181,,,,,,,,,,,,
34932,181,234,180,,0.988826816,0.998430233,,181,235,181,,,,,,,,,,,,
35181,181,230,182,,0.988826816,0.998430233,,181,235,181,,,,,,,,,,,,
35414,181,236,182,,0.988826816,0.998430233,,181,235,181,,,,,,,,,,,,
35530,181,236,182,,0.988826816,0.998430233,,181,235,181,,,,,,,,,,,,
35631,181,235,180,,0.988826816,0.998430233,,181,235,181,,,,,,,,,,,,
35881,181,229,181,,0.988826816,0.998430233,,181,235,181,,,,,,,,,,,,
35914,181,229,182,,0.988826816,0.998430233,,181,235,181,,,,,,,,,,,,
35948,181,237,182,,0.988826816,0.998430233,,181,235,181,,,,,,,,,,,,
36048,181,234,180,,0.988826816,0.998430233,,181,235,181,,,,,,,,,,,,
36832,181,229,181,,0.988826816,0.998430233,,181,235,181,,,,,,,,,,,,
36897,181,235,181,,0.988826816,0.998430233,,181,235,181,,,,,,,,,,,,
36931,181,231,182,,0.988826816,0.998430233,,181,235,181,,,,,,,,,,,,
37280,181,229,181,,0.988826816,0.998430233,,181,235,181,,,,,,,,,,,,
37314,181,228,181,,0.988826816,0.998430233,,181,235,181,,,,,,,,,,,,
37348,181,229,181,,0.988826816,0.998430233,,181,235,181,,,,,,,,,,,,
37382,181,229,182,,0.988826816,0.998430233,,181,235,181,,,,,,,,,,,,
37598,181,235,181,,0.988826816,0.998430233,,181,235,181,,,,,,,,,,,,
37631,181,234,180,,0.988826816,0.998430233,,181,235,182,,,,,,,,,,,,
37665,181,235,182,,0.988826816,0.998430233,,181,235,182,,,,,,,,,,,,
38047,181,235,175,,0.988826816,0.998430233,,181,235,182,,,,,,,,,,,,
38082,181,235,175,,0.988826816,0.998430233,,181,235,182,,,,,,,,,,,,
38098,181,235,175,,0.988826816,0.998430233,,181,235,182,,,,,,,,,,,,
38132,181,235,179,,0.988826816,0.998430233,,181,236,182,,,,,,,,,,,,
38165,181,236,182,,0.988826816,0.998430233,,181,236,182,,,,,,,,,,,,
38298,181,234,17,,0.988826816,0.998430233,,182,236,182,,,,,,,,,,,,
6213,182,236,175,,0.983240223,0.996053578,,182,236,182,,,,,,,,,,,,
10496,182,235,175,,0.983240223,0.996053578,,182,236,182,,,,,,,,,,,,
10779,182,237,183,,0.983240223,0.996053578,,182,236,182,,,,,,,,,,,,
10913,182,235,182,,0.983240223,0.996053578,,182,236,182,,,,,,,,,,,,
10929,182,237,182,,0.983240223,0.996053578,,182,236,182,,,,,,,,,,,,
11063,182,237,177,,0.983240223,0.996053578,,182,236,182,,,,,,,,,,,,
11412,182,230,176,,0.983240223,0.996053578,,182,236,182,,,,,,,,,,,,
11512,182,236,182,,0.983240223,0.996053578,,182,236,182,,,,,,,,,,,,
11547,182,235,176,,0.983240223,0.996053578,,182,236,182,,,,,,,,,,,,
11563,182,237,177,,0.983240223,0.996053578,,182,236,182,,,,,,,,,,,,
11696,182,236,181,,0.983240223,0.996053578,,182,236,182,,,,,,,,,,,,
11763,182,237,183,,0.983240223,0.996053578,,182,236,182,,,,,,,,,,,,
11897,182,230,182,,0.983240223,0.996053578,,182,236,182,,,,,,,,,,,,
12179,182,235,181,,0.983240223,0.996053578,,182,236,182,,,,,,,,,,,,
12213,182,235,182,,0.983240223,0.996053578,,182,236,182,,,,,,,,,,,,
12362,182,229,182,,0.983240223,0.996053578,,182,236,182,,,,,,,,,,,,
13763,182,236,182,,0.983240223,0.996053578,,182,236,182,,,,,,,,,,,,
13897,182,236,177,,0.983240223,0.996053578,,182,236,182,,,,,,,,,,,,
13996,182,230,182,,0.983240223,0.996053578,,182,236,182,,,,,,,,,,,,
14013,182,236,182,,0.983240223,0.996053578,,182,236,182,,,,,,,,,,,,
14079,182,236,175,,0.983240223,0.996053578,,182,236,182,,,,,,,,,,,,
14113,182,235,182,,0.983240223,0.996053578,,182,236,182,,,,,,,,,,,,
14213,182,230,182,,0.983240223,0.996053578,,182,236,182,,,,,,,,,,,,
14279,182,236,182,,0.983240223,0.996053578,,182,236,182,,,,,,,,,,,,
14329,182,235,175,,0.983240223,0.996053578,,182,236,182,,,,,,,,,,,,
14362,182,235,182,,0.983240223,0.996053578,,182,236,182,,,,,,,,,,,,
14396,182,237,182,,0.983240223,0.996053578,,182,236,182,,,,,,,,,,,,
14430,182,235,181,,0.983240223,0.996053578,,182,236,182,,,,,,,,,,,,
14563,182,230,182,,0.983240223,0.996053578,,182,236,182,,,,,,,,,,,,
14596,182,229,182,,0.983240223,0.996053578,,182,236,182,,,,,,,,,,,,
15230,182,235,175,,0.983240223,0.996053578,,182,236,182,,,,,,,,,,,,
15297,182,234,181,,0.983240223,0.996053578,,182,236,182,,,,,,,,,,,,
15412,182,236,183,,0.983240223,0.996053578,,182,236,182,,,,,,,,,,,,
15546,182,236,182,,0.983240223,0.996053578,,182,236,182,,,,,,,,,,,,
15580,182,230,182,,0.983240223,0.996053578,,182,236,182,,,,,,,,,,,,
15613,182,231,183,,0.983240223,0.996053578,,182,236,182,,,,,,,,,,,,
16064,182,231,183,,0.983240223,0.996053578,,182,236,182,,,,,,,,,,,,
16662,182,244,189,,0.983240223,0.996053578,,182,236,182,,,,,,,,,,,,
16680,182,244,188,,0.983240223,0.996053578,,182,236,182,,,,,,,,,,,,
16714,182,243,187,,0.983240223,0.996053578,,182,236,182,,,,,,,,,,,,
19413,182,244,187,,0.983240223,0.996053578,,182,236,182,,,,,,,,,,,,
19447,182,243,188,,0.983240223,0.996053578,,182,236,182,,,,,,,,,,,,
19481,182,243,188,,0.983240223,0.996053578,,182,236,182,,,,,,,,,,,,
20579,182,245,189,,0.983240223,0.996053578,,182,236,182,,,,,,,,,,,,
21264,182,243,188,,0.983240223,0.996053578,,182,236,182,,,,,,,,,,,,
21297,182,245,188,,0.983240223,0.996053578,,182,236,182,,,,,,,,,,,,
22030,182,244,189,,0.983240223,0.996053578,,182,236,182,,,,,,,,,,,,
22248,182,245,189,,0.983240223,0.996053578,,182,236,182,,,,,,,,,,,,
22281,182,244,188,,0.983240223,0.996053578,,182,236,182,,,,,,,,,,,,
22313,182,244,187,,0.983240223,0.996053578,,182,236,182,,,,,,,,,,,,
23581,182,244,188,,0.983240223,0.996053578,,182,236,182,,,,,,,,,,,,
23647,182,244,188,,0.983240223,0.996053578,,182,236,182,,,,,,,,,,,,
23681,182,244,187,,0.983240223,0.996053578,,182,236,182,,,,,,,,,,,,
28082,182,230,182,,0.983240223,0.996053578,,182,236,182,,,,,,,,,,,,
28115,182,237,183,,0.983240223,0.996053578,,182,236,182,,,,,,,,,,,,
28182,182,235,176,,0.983240223,0.996053578,,182,236,182,,,,,,,,,,,,
28432,182,236,182,,0.983240223,0.996053578,,182,236,182,,,,,,,,,,,,
28465,182,236,182,,0.983240223,0.996053578,,182,236,182,,,,,,,,,,,,
28482,182,236,181,,0.983240223,0.996053578,,182,236,182,,,,,,,,,,,,
28615,182,237,182,,0.983240223,0.996053578,,182,236,182,,,,,,,,,,,,
28747,182,236,182,,0.983240223,0.996053578,,182,236,182,,,,,,,,,,,,
28781,182,231,183,,0.983240223,0.996053578,,182,236,182,,,,,,,,,,,,
28882,182,236,183,,0.983240223,0.996053578,,182,236,182,,,,,,,,,,,,
28898,182,237,182,,0.983240223,0.996053578,,182,236,182,,,,,,,,,,,,
28931,182,237,183,,0.983240223,0.996053578,,182,236,182,,,,,,,,,,,,
29248,182,236,182,,0.983240223,0.996053578,,182,236,182,,,,,,,,,,,,
29315,182,236,176,,0.983240223,0.996053578,,182,236,182,,,,,,,,,,,,
29348,182,237,183,,0.983240223,0.996053578,,182,236,182,,,,,,,,,,,,
29381,182,231,183,,0.983240223,0.996053578,,182,236,182,,,,,,,,,,,,
29548,182,238,183,,0.983240223,0.996053578,,182,236,182,,,,,,,,,,,,
30080,182,236,175,,0.983240223,0.996053578,,182,236,182,,,,,,,,,,,,
30114,182,236,183,,0.983240223,0.996053578,,182,236,182,,,,,,,,,,,,
30363,182,236,182,,0.983240223,0.996053578,,182,236,182,,,,,,,,,,,,
30398,182,237,182,,0.983240223,0.996053578,,182,236,182,,,,,,,,,,,,
30430,182,236,182,,0.983240223,0.996053578,,182,236,182,,,,,,,,,,,,
30464,182,230,183,,0.983240223,0.996053578,,182,236,182,,,,,,,,,,,,
30497,182,237,182,,0.983240223,0.996053578,,182,236,182,,,,,,,,,,,,
30630,182,235,182,,0.983240223,0.996053578,,182,236,182,,,,,,,,,,,,
30648,182,237,183,,0.983240223,0.996053578,,182,236,182,,,,,,,,,,,,
30714,182,236,182,,0.983240223,0.996053578,,182,236,182,,,,,,,,,,,,
30948,182,236,182,,0.983240223,0.996053578,,182,236,182,,,,,,,,,,,,
30965,182,231,183,,0.983240223,0.996053578,,182,236,182,,,,,,,,,,,,
30998,182,231,182,,0.983240223,0.996053578,,182,236,182,,,,,,,,,,,,
31031,182,236,181,,0.983240223,0.996053578,,182,236,182,,,,,,,,,,,,
32147,182,236,182,,0.983240223,0.996053578,,182,237,182,,,,,,,,,,,,
32181,182,236,182,,0.983240223,0.996053578,,182,237,182,,,,,,,,,,,,
33632,182,229,181,,0.983240223,0.996053578,,182,237,182,,,,,,,,,,,,
33664,182,236,181,,0.983240223,0.996053578,,182,237,182,,,,,,,,,,,,
34864,182,235,182,,0.983240223,0.996053578,,182,237,182,,,,,,,,,,,,
34899,182,236,181,,0.983240223,0.996053578,,182,237,182,,,,,,,,,,,,
35214,182,236,182,,0.983240223,0.996053578,,182,237,182,,,,,,,,,,,,
35447,182,237,182,,0.983240223,0.996053578,,182,237,182,,,,,,,,,,,,
35481,182,230,181,,0.983240223,0.996053578,,182,237,182,,,,,,,,,,,,
35497,182,235,182,,0.983240223,0.996053578,,182,237,182,,,,,,,,,,,,
36698,182,236,183,,0.983240223,0.996053578,,182,237,182,,,,,,,,,,,,
36765,182,237,182,,0.983240223,0.996053578,,182,237,182,,,,,,,,,,,,
36798,182,236,181,,0.983240223,0.996053578,,182,237,182,,,,,,,,,,,,
36964,182,230,182,,0.983240223,0.996053578,,182,237,182,,,,,,,,,,,,
37114,182,237,182,,0.983240223,0.996053578,,182,237,182,,,,,,,,,,,,
37181,182,236,182,,0.983240223,0.996053578,,182,237,182,,,,,,,,,,,,
37215,182,237,183,,0.983240223,0.996053578,,182,237,182,,,,,,,,,,,,
37247,182,230,181,,0.983240223,0.996053578,,182,237,182,,,,,,,,,,,,
37399,182,237,182,,0.983240223,0.996053578,,182,237,182,,,,,,,,,,,,
37465,182,236,176,,0.983240223,0.996053578,,182,237,182,,,,,,,,,,,,
37497,182,236,182,,0.983240223,0.996053578,,182,237,182,,,,,,,,,,,,
37531,182,230,182,,0.983240223,0.996053578,,182,237,182,,,,,,,,,,,,
37565,182,236,181,,0.983240223,0.996053578,,182,237,182,,,,,,,,,,,,
37814,182,236,182,,0.983240223,0.996053578,,182,237,182,,,,,,,,,,,,
37881,182,237,183,,0.983240223,0.996053578,,182,237,182,,,,,,,,,,,,
38014,182,236,175,,0.983240223,0.996053578,,182,237,182,,,,,,,,,,,,
38198,182,230,183,,0.983240223,0.996053578,,182,237,182,,,,,,,,,,,,
38232,182,236,182,,0.983240223,0.996053578,,182,237,182,,,,,,,,,,,,
38264,182,230,181,,0.983240223,0.996053578,,183,237,183,,,,,,,,,,,,
10463,183,236,176,,0.977653631,0.990537388,,183,237,183,,,,,,,,,,,,
10963,183,231,183,,0.977653631,0.990537388,,183,237,183,,,,,,,,,,,,
10997,183,236,182,,0.977653631,0.990537388,,183,237,183,,,,,,,,,,,,
11096,183,238,178,,0.977653631,0.990537388,,183,237,183,,,,,,,,,,,,
11196,183,237,177,,0.977653631,0.990537388,,183,237,183,,,,,,,,,,,,
11230,183,236,176,,0.977653631,0.990537388,,183,237,183,,,,,,,,,,,,
11263,183,237,177,,0.977653631,0.990537388,,183,237,183,,,,,,,,,,,,
11279,183,238,178,,0.977653631,0.990537388,,183,237,183,,,,,,,,,,,,
11446,183,237,183,,0.977653631,0.990537388,,183,237,183,,,,,,,,,,,,
11480,183,230,182,,0.977653631,0.990537388,,183,237,183,,,,,,,,,,,,
11596,183,237,178,,0.977653631,0.990537388,,183,237,183,,,,,,,,,,,,
11630,183,238,183,,0.977653631,0.990537388,,183,237,183,,,,,,,,,,,,
11664,183,231,182,,0.977653631,0.990537388,,183,237,183,,,,,,,,,,,,
11797,183,232,178,,0.977653631,0.990537388,,183,237,183,,,,,,,,,,,,
11829,183,232,183,,0.977653631,0.990537388,,183,237,183,,,,,,,,,,,,
11863,183,230,182,,0.977653631,0.990537388,,183,237,183,,,,,,,,,,,,
11929,183,237,183,,0.977653631,0.990537388,,183,237,183,,,,,,,,,,,,
11962,183,238,183,,0.977653631,0.990537388,,183,237,183,,,,,,,,,,,,
12014,183,236,182,,0.977653631,0.990537388,,183,237,183,,,,,,,,,,,,
12046,183,236,182,,0.977653631,0.990537388,,183,237,183,,,,,,,,,,,,
12112,183,237,183,,0.977653631,0.990537388,,183,237,183,,,,,,,,,,,,
12147,183,231,182,,0.977653631,0.990537388,,183,237,183,,,,,,,,,,,,
12280,183,237,183,,0.977653631,0.990537388,,183,237,183,,,,,,,,,,,,
12312,183,231,183,,0.977653631,0.990537388,,183,237,183,,,,,,,,,,,,
12346,183,230,182,,0.977653631,0.990537388,,183,237,183,,,,,,,,,,,,
13729,183,231,182,,0.977653631,0.990537388,,183,237,183,,,,,,,,,,,,
13929,183,238,177,,0.977653631,0.990537388,,183,237,183,,,,,,,,,,,,
13963,183,237,183,,0.977653631,0.990537388,,183,237,183,,,,,,,,,,,,
14246,183,230,182,,0.977653631,0.990537388,,183,237,183,,,,,,,,,,,,
15447,183,232,183,,0.977653631,0.990537388,,183,237,183,,,,,,,,,,,,
15480,183,237,182,,0.977653631,0.990537388,,183,237,183,,,,,,,,,,,,
15646,183,237,182,,0.977653631,0.990537388,,183,237,183,,,,,,,,,,,,
15679,183,237,182,,0.977653631,0.990537388,,183,237,183,,,,,,,,,,,,
15830,183,237,183,,0.977653631,0.990537388,,183,237,183,,,,,,,,,,,,
15863,183,237,183,,0.977653631,0.990537388,,183,237,183,,,,,,,,,,,,
15896,183,237,183,,0.977653631,0.990537388,,183,237,183,,,,,,,,,,,,
16029,183,237,182,,0.977653631,0.990537388,,183,237,183,,,,,,,,,,,,
16079,183,231,184,,0.977653631,0.990537388,,183,237,183,,,,,,,,,,,,
16179,183,238,183,,0.977653631,0.990537388,,183,237,183,,,,,,,,,,,,
16213,183,237,183,,0.977653631,0.990537388,,183,237,183,,,,,,,,,,,,
16247,183,238,184,,0.977653631,0.990537388,,183,237,183,,,,,,,,,,,,
17929,183,245,190,,0.977653631,0.990537388,,183,237,183,,,,,,,,,,,,
18047,183,246,189,,0.977653631,0.990537388,,183,237,183,,,,,,,,,,,,
19929,183,244,188,,0.977653631,0.990537388,,183,237,183,,,,,,,,,,,,
21031,183,244,189,,0.977653631,0.990537388,,183,237,183,,,,,,,,,,,,
21830,183,246,189,,0.977653631,0.990537388,,183,237,183,,,,,,,,,,,,
27498,183,238,184,,0.977653631,0.990537388,,183,237,183,,,,,,,,,,,,
27815,183,237,182,,0.977653631,0.990537388,,183,237,183,,,,,,,,,,,,
28015,183,237,177,,0.977653631,0.990537388,,183,237,183,,,,,,,,,,,,
28048,183,236,182,,0.977653631,0.990537388,,183,237,183,,,,,,,,,,,,
28648,183,231,183,,0.977653631,0.990537388,,183,237,183,,,,,,,,,,,,
28681,183,231,182,,0.977653631,0.990537388,,183,237,183,,,,,,,,,,,,
28714,183,230,176,,0.977653631,0.990537388,,183,237,183,,,,,,,,,,,,
28815,183,237,183,,0.977653631,0.990537388,,183,237,183,,,,,,,,,,,,
29181,183,237,183,,0.977653631,0.990537388,,183,237,183,,,,,,,,,,,,
29214,183,237,183,,0.977653631,0.990537388,,183,237,183,,,,,,,,,,,,
29415,183,231,184,,0.977653631,0.990537388,,183,237,183,,,,,,,,,,,,
29565,183,238,183,,0.977653631,0.990537388,,183,237,183,,,,,,,,,,,,
29598,183,238,178,,0.977653631,0.990537388,,183,237,183,,,,,,,,,,,,
29765,183,237,182,,0.977653631,0.990537388,,183,237,183,,,,,,,,,,,,
29797,183,237,182,,0.977653631,0.990537388,,183,237,183,,,,,,,,,,,,
29865,183,237,177,,0.977653631,0.990537388,,183,237,183,,,,,,,,,,,,
29882,183,238,177,,0.977653631,0.990537388,,183,237,183,,,,,,,,,,,,
30147,183,232,182,,0.977653631,0.990537388,,183,237,183,,,,,,,,,,,,
30180,183,233,184,,0.977653631,0.990537388,,183,237,183,,,,,,,,,,,,
30681,183,230,182,,0.977653631,0.990537388,,183,238,183,,,,,,,,,,,,
34747,183,237,182,,0.977653631,0.990537388,,183,238,183,,,,,,,,,,,,
36998,183,231,183,,0.977653631,0.990537388,,183,238,183,,,,,,,,,,,,
37015,183,231,183,,0.977653631,0.990537388,,183,238,183,,,,,,,,,,,,
37049,183,232,183,,0.977653631,0.990537388,,183,238,183,,,,,,,,,,,,
37081,183,231,183,,0.977653631,0.990537388,,183,238,183,,,,,,,,,,,,
37731,183,238,184,,0.977653631,0.990537388,,183,238,183,,,,,,,,,,,,
37781,183,237,182,,0.977653631,0.990537388,,184,238,183,,,,,,,,,,,,
11130,184,238,177,,0.972067039,0.985021199,,184,238,183,,,,,,,,,,,,
11162,184,238,178,,0.972067039,0.985021199,,184,238,183,,,,,,,,,,,,
11313,184,238,178,,0.972067039,0.985021199,,184,238,183,,,,,,,,,,,,
11346,184,232,177,,0.972067039,0.985021199,,184,238,183,,,,,,,,,,,,
11380,184,231,183,,0.972067039,0.985021199,,184,238,183,,,,,,,,,,,,
15929,184,239,185,,0.972067039,0.985021199,,184,238,183,,,,,,,,,,,,
15997,184,238,177,,0.972067039,0.985021199,,184,238,184,,,,,,,,,,,,
16114,184,233,184,,0.972067039,0.985021199,,184,238,184,,,,,,,,,,,,
16146,184,238,183,,0.972067039,0.985021199,,184,238,184,,,,,,,,,,,,
16280,184,239,184,,0.972067039,0.985021199,,184,238,184,,,,,,,,,,,,
16347,184,239,178,,0.972067039,0.985021199,,184,238,184,,,,,,,,,,,,
21513,184,246,184,,0.972067039,0.985021199,,184,238,184,,,,,,,,,,,,
21614,184,246,186,,0.972067039,0.985021199,,184,238,184,,,,,,,,,,,,
23546,184,244,188,,0.972067039,0.985021199,,184,238,184,,,,,,,,,,,,
25282,184,233,184,,0.972067039,0.985021199,,184,238,184,,,,,,,,,,,,
25315,184,239,184,,0.972067039,0.985021199,,184,238,184,,,,,,,,,,,,
26048,184,239,184,,0.972067039,0.985021199,,184,238,184,,,,,,,,,,,,
26081,184,240,185,,0.972067039,0.985021199,,184,238,184,,,,,,,,,,,,
27064,184,232,183,,0.972067039,0.985021199,,184,238,184,,,,,,,,,,,,
27081,184,233,184,,0.972067039,0.985021199,,184,238,184,,,,,,,,,,,,
27114,184,239,185,,0.972067039,0.985021199,,184,238,184,,,,,,,,,,,,
27348,184,238,184,,0.972067039,0.985021199,,184,238,184,,,,,,,,,,,,
27414,184,239,178,,0.972067039,0.985021199,,184,238,184,,,,,,,,,,,,
27598,184,240,179,,0.972067039,0.985021199,,184,238,184,,,,,,,,,,,,
27731,184,233,184,,0.972067039,0.985021199,,184,238,184,,,,,,,,,,,,
27765,184,238,183,,0.972067039,0.985021199,,184,238,184,,,,,,,,,,,,
27781,184,238,183,,0.972067039,0.985021199,,184,238,184,,,,,,,,,,,,
27948,184,239,184,,0.972067039,0.985021199,,184,238,184,,,,,,,,,,,,
27981,184,238,177,,0.972067039,0.985021199,,184,238,184,,,,,,,,,,,,
29148,184,239,183,,0.972067039,0.985021199,,184,238,184,,,,,,,,,,,,
29448,184,233,184,,0.972067039,0.985021199,,184,238,184,,,,,,,,,,,,
29631,184,233,181,,0.972067039,0.985021199,,184,238,184,,,,,,,,,,,,
29665,184,234,184,,0.972067039,0.985021199,,184,238,184,,,,,,,,,,,,
29698,184,239,184,,0.972067039,0.985021199,,184,238,184,,,,,,,,,,,,
29731,184,237,183,,0.972067039,0.985021199,,184,238,184,,,,,,,,,,,,
29915,184,232,184,,0.972067039,0.985021199,,184,238,184,,,,,,,,,,,,
29948,184,239,184,,0.972067039,0.985021199,,184,238,184,,,,,,,,,,,,
30213,184,232,184,,0.972067039,0.985021199,,184,238,184,,,,,,,,,,,,
30248,184,238,184,,0.972067039,0.985021199,,184,238,184,,,,,,,,,,,,
30281,184,238,183,,0.972067039,0.985021199,,184,238,184,,,,,,,,,,,,
37748,184,238,183,,0.972067039,0.985021199,,185,238,184,,,,,,,,,,,,
16379,185,240,186,,0.966480447,0.97950501,,185,238,185,,,,,,,,,,,,
16564,185,241,180,,0.966480447,0.97950501,,185,238,185,,,,,,,,,,,,
16780,185,240,179,,0.966480447,0.97950501,,185,238,185,,,,,,,,,,,,
17296,185,238,184,,0.966480447,0.97950501,,185,238,185,,,,,,,,,,,,
17314,185,234,186,,0.966480447,0.97950501,,185,239,185,,,,,,,,,,,,
20530,185,243,187,,0.966480447,0.97950501,,185,239,185,,,,,,,,,,,,
21448,185,247,191,,0.966480447,0.97950501,,185,239,185,,,,,,,,,,,,
25348,185,241,186,,0.966480447,0.97950501,,185,239,185,,,,,,,,,,,,
25514,185,241,185,,0.966480447,0.97950501,,185,239,185,,,,,,,,,,,,
25531,185,240,185,,0.966480447,0.97950501,,185,239,185,,,,,,,,,,,,
25564,185,241,186,,0.966480447,0.97950501,,185,239,185,,,,,,,,,,,,
25881,185,241,185,,0.966480447,0.97950501,,185,239,185,,,,,,,,,,,,
25914,185,234,185,,0.966480447,0.97950501,,185,239,185,,,,,,,,,,,,
25948,185,234,185,,0.966480447,0.97950501,,185,239,185,,,,,,,,,,,,
25981,185,241,185,,0.966480447,0.97950501,,185,239,185,,,,,,,,,,,,
26265,185,240,184,,0.966480447,0.97950501,,185,239,185,,,,,,,,,,,,
26298,185,240,179,,0.966480447,0.97950501,,185,239,185,,,,,,,,,,,,
26365,185,242,186,,0.966480447,0.97950501,,185,239,185,,,,,,,,,,,,
26798,185,240,185,,0.966480447,0.97950501,,185,239,185,,,,,,,,,,,,
26865,185,241,187,,0.966480447,0.97950501,,185,239,185,,,,,,,,,,,,
27031,185,240,178,,0.966480447,0.97950501,,185,239,185,,,,,,,,,,,,
27148,185,240,185,,0.966480447,0.97950501,,185,239,185,,,,,,,,,,,,
27181,185,240,185,,0.966480447,0.97950501,,185,239,185,,,,,,,,,,,,
27214,185,234,185,,0.966480447,0.97950501,,185,239,185,,,,,,,,,,,,
27248,185,240,185,,0.966480447,0.97950501,,185,239,185,,,,,,,,,,,,
27281,185,235,185,,0.966480447,0.97950501,,185,239,185,,,,,,,,,,,,
27314,185,240,184,,0.966480447,0.97950501,,185,239,185,,,,,,,,,,,,
27448,185,234,185,,0.966480447,0.97950501,,185,239,185,,,,,,,,,,,,
27481,185,240,184,,0.966480447,0.97950501,,185,239,186,,,,,,,,,,,,
27631,185,234,185,,0.966480447,0.97950501,,185,239,186,,,,,,,,,,,,
27665,185,234,185,,0.966480447,0.97950501,,185,240,186,,,,,,,,,,,,
27698,185,239,178,,0.966480447,0.97950501,,185,240,186,,,,,,,,,,,,
29481,185,240,185,,0.966480447,0.97950501,,185,240,186,,,,,,,,,,,,
29981,185,240,185,,0.966480447,0.97950501,,186,240,186,,,,,,,,,,,,
16497,186,241,186,,0.960893855,0.973988821,,186,240,186,,,,,,,,,,,,
16596,186,241,186,,0.960893855,0.973988821,,186,240,186,,,,,,,,,,,,
16747,186,235,186,,0.960893855,0.973988821,,186,240,186,,,,,,,,,,,,
16814,186,240,186,,0.960893855,0.973988821,,186,240,186,,,,,,,,,,,,
16847,186,235,187,,0.960893855,0.973988821,,186,240,186,,,,,,,,,,,,
16997,186,235,186,,0.960893855,0.973988821,,186,240,186,,,,,,,,,,,,
17030,186,241,180,,0.960893855,0.973988821,,186,240,186,,,,,,,,,,,,
17163,186,242,186,,0.960893855,0.973988821,,186,240,186,,,,,,,,,,,,
17196,186,241,186,,0.960893855,0.973988821,,186,240,186,,,,,,,,,,,,
17263,186,240,180,,0.960893855,0.973988821,,186,240,186,,,,,,,,,,,,
17347,186,241,181,,0.960893855,0.973988821,,186,240,186,,,,,,,,,,,,
18747,186,242,187,,0.960893855,0.973988821,,186,240,186,,,,,,,,,,,,
19764,186,241,180,,0.960893855,0.973988821,,186,240,186,,,,,,,,,,,,
19797,186,241,187,,0.960893855,0.973988821,,186,240,186,,,,,,,,,,,,
20181,186,242,180,,0.960893855,0.973988821,,186,240,186,,,,,,,,,,,,
20213,186,242,187,,0.960893855,0.973988821,,186,240,186,,,,,,,,,,,,
20329,186,242,187,,0.960893855,0.973988821,,186,240,186,,,,,,,,,,,,
21231,186,242,187,,0.960893855,0.973988821,,186,240,186,,,,,,,,,,,,
22380,186,236,187,,0.960893855,0.973988821,,186,240,186,,,,,,,,,,,,
24114,186,241,186,,0.960893855,0.973988821,,186,240,186,,,,,,,,,,,,
24565,186,241,187,,0.960893855,0.973988821,,186,240,186,,,,,,,,,,,,
24598,186,242,186,,0.960893855,0.973988821,,186,240,186,,,,,,,,,,,,
24631,186,242,187,,0.960893855,0.973988821,,186,240,186,,,,,,,,,,,,
24681,186,236,186,,0.960893855,0.973988821,,186,240,186,,,,,,,,,,,,
24848,186,241,179,,0.960893855,0.973988821,,186,240,186,,,,,,,,,,,,
24881,186,241,186,,0.960893855,0.973988821,,186,240,186,,,,,,,,,,,,
24915,186,242,187,,0.960893855,0.973988821,,186,240,186,,,,,,,,,,,,
25065,186,241,186,,0.960893855,0.973988821,,186,241,186,,,,,,,,,,,,
25132,186,240,180,,0.960893855,0.973988821,,186,241,186,,,,,,,,,,,,
25165,186,241,186,,0.960893855,0.973988821,,186,241,186,,,,,,,,,,,,
25232,186,241,179,,0.960893855,0.973988821,,186,241,186,,,,,,,,,,,,
25265,186,240,185,,0.960893855,0.973988821,,186,241,186,,,,,,,,,,,,
25382,186,235,186,,0.960893855,0.973988821,,186,241,186,,,,,,,,,,,,
25631,186,236,186,,0.960893855,0.973988821,,186,241,186,,,,,,,,,,,,
25764,186,236,186,,0.960893855,0.973988821,,186,241,186,,,,,,,,,,,,
25798,186,241,181,,0.960893855,0.973988821,,186,241,186,,,,,,,,,,,,
25848,186,240,179,,0.960893855,0.973988821,,186,241,186,,,,,,,,,,,,
26148,186,243,187,,0.960893855,0.973988821,,186,241,186,,,,,,,,,,,,
26231,186,235,185,,0.960893855,0.973988821,,186,241,186,,,,,,,,,,,,
26331,186,241,186,,0.960893855,0.973988821,,186,241,186,,,,,,,,,,,,
26431,186,242,186,,0.960893855,0.973988821,,186,241,186,,,,,,,,,,,,
26582,186,237,186,,0.960893855,0.973988821,,186,241,186,,,,,,,,,,,,
26765,186,235,186,,0.960893855,0.973988821,,187,241,187,,,,,,,,,,,,
16430,187,236,187,,0.955307263,0.968472632,,187,241,187,,,,,,,,,,,,
16463,187,243,187,,0.955307263,0.968472632,,187,241,187,,,,,,,,,,,,
16879,187,243,187,,0.955307263,0.968472632,,187,241,187,,,,,,,,,,,,
16946,187,242,186,,0.955307263,0.968472632,,187,241,187,,,,,,,,,,,,
17063,187,242,187,,0.955307263,0.968472632,,187,241,187,,,,,,,,,,,,
17097,187,236,187,,0.955307263,0.968472632,,187,241,187,,,,,,,,,,,,
17129,187,237,187,,0.955307263,0.968472632,,187,241,187,,,,,,,,,,,,
17380,187,244,182,,0.955307263,0.968472632,,187,241,187,,,,,,,,,,,,
17546,187,243,187,,0.955307263,0.968472632,,187,241,187,,,,,,,,,,,,
17579,187,236,187,,0.955307263,0.968472632,,187,241,187,,,,,,,,,,,,
18179,187,237,187,,0.955307263,0.968472632,,187,241,187,,,,,,,,,,,,
18213,187,236,187,,0.955307263,0.968472632,,187,241,187,,,,,,,,,,,,
18246,187,243,187,,0.955307263,0.968472632,,187,241,187,,,,,,,,,,,,
18529,187,243,182,,0.955307263,0.968472632,,187,241,187,,,,,,,,,,,,
18563,187,243,182,,0.955307263,0.968472632,,187,241,187,,,,,,,,,,,,
18679,187,243,187,,0.955307263,0.968472632,,187,241,187,,,,,,,,,,,,
18780,187,237,188,,0.955307263,0.968472632,,187,241,187,,,,,,,,,,,,
18946,187,237,187,,0.955307263,0.968472632,,187,241,187,,,,,,,,,,,,
19029,187,243,181,,0.955307263,0.968472632,,187,241,187,,,,,,,,,,,,
19730,187,236,186,,0.955307263,0.968472632,,187,242,187,,,,,,,,,,,,
20013,187,243,188,,0.955307263,0.968472632,,187,242,187,,,,,,,,,,,,
20047,187,238,188,,0.955307263,0.968472632,,187,242,187,,,,,,,,,,,,
20114,187,237,187,,0.955307263,0.968472632,,187,242,187,,,,,,,,,,,,
20147,187,242,187,,0.955307263,0.968472632,,187,242,187,,,,,,,,,,,,
20280,187,236,187,,0.955307263,0.968472632,,187,242,187,,,,,,,,,,,,
20313,187,242,180,,0.955307263,0.968472632,,187,242,187,,,,,,,,,,,,
20363,187,242,187,,0.955307263,0.968472632,,187,242,187,,,,,,,,,,,,
20430,187,237,187,,0.955307263,0.968472632,,187,242,187,,,,,,,,,,,,
20497,187,242,187,,0.955307263,0.968472632,,187,242,187,,,,,,,,,,,,
21198,187,242,181,,0.955307263,0.968472632,,187,242,187,,,,,,,,,,,,
21964,187,242,187,,0.955307263,0.968472632,,187,242,187,,,,,,,,,,,,
21996,187,243,188,,0.955307263,0.968472632,,187,242,187,,,,,,,,,,,,
22147,187,243,187,,0.955307263,0.968472632,,187,242,187,,,,,,,,,,,,
22180,187,242,187,,0.955307263,0.968472632,,187,242,187,,,,,,,,,,,,
22414,187,236,187,,0.955307263,0.968472632,,187,242,187,,,,,,,,,,,,
22630,187,244,187,,0.955307263,0.968472632,,187,242,187,,,,,,,,,,,,
22664,187,243,181,,0.955307263,0.968472632,,187,242,187,,,,,,,,,,,,
22698,187,243,187,,0.955307263,0.968472632,,187,242,187,,,,,,,,,,,,
22880,187,237,187,,0.955307263,0.968472632,,187,242,187,,,,,,,,,,,,
22914,187,237,187,,0.955307263,0.968472632,,187,242,187,,,,,,,,,,,,
23081,187,237,187,,0.955307263,0.968472632,,187,242,187,,,,,,,,,,,,
23113,187,243,187,,0.955307263,0.968472632,,187,242,187,,,,,,,,,,,,
23131,187,244,181,,0.955307263,0.968472632,,187,242,187,,,,,,,,,,,,
23163,187,243,188,,0.955307263,0.968472632,,187,242,187,,,,,,,,,,,,
23196,187,244,188,,0.955307263,0.968472632,,187,242,187,,,,,,,,,,,,
23398,187,237,187,,0.955307263,0.968472632,,187,242,187,,,,,,,,,,,,
23414,187,236,188,,0.955307263,0.968472632,,187,242,187,,,,,,,,,,,,
23746,187,243,187,,0.955307263,0.968472632,,187,242,187,,,,,,,,,,,,
23780,187,236,187,,0.955307263,0.968472632,,187,242,187,,,,,,,,,,,,
23797,187,236,187,,0.955307263,0.968472632,,187,242,187,,,,,,,,,,,,
23831,187,243,181,,0.955307263,0.968472632,,187,242,187,,,,,,,,,,,,
23864,187,243,187,,0.955307263,0.968472632,,187,242,187,,,,,,,,,,,,
23930,187,242,187,,0.955307263,0.968472632,,187,242,187,,,,,,,,,,,,
23963,187,237,187,,0.955307263,0.968472632,,187,242,187,,,,,,,,,,,,
24081,187,242,186,,0.955307263,0.968472632,,187,242,187,,,,,,,,,,,,
24181,187,236,188,,0.955307263,0.968472632,,187,242,187,,,,,,,,,,,,
24315,187,243,187,,0.955307263,0.968472632,,187,242,187,,,,,,,,,,,,
24348,187,237,187,,0.955307263,0.968472632,,187,242,187,,,,,,,,,,,,
24365,187,237,187,,0.955307263,0.968472632,,187,242,187,,,,,,,,,,,,
24498,187,242,187,,0.955307263,0.968472632,,187,242,187,,,,,,,,,,,,
24531,187,242,187,,0.955307263,0.968472632,,187,242,187,,,,,,,,,,,,
24715,187,242,187,,0.955307263,0.968472632,,187,242,187,,,,,,,,,,,,
24748,187,243,181,,0.955307263,0.968472632,,187,242,187,,,,,,,,,,,,
24781,187,243,187,,0.955307263,0.968472632,,187,243,187,,,,,,,,,,,,
24948,187,237,188,,0.955307263,0.968472632,,187,243,187,,,,,,,,,,,,
25031,187,242,181,,0.955307263,0.968472632,,187,243,187,,,,,,,,,,,,
25414,187,242,181,,0.955307263,0.968472632,,187,243,187,,,,,,,,,,,,
25447,187,242,186,,0.955307263,0.968472632,,187,243,187,,,,,,,,,,,,
25664,187,242,180,,0.955307263,0.968472632,,187,243,187,,,,,,,,,,,,
25698,187,242,187,,0.955307263,0.968472632,,187,243,187,,,,,,,,,,,,
26181,187,243,181,,0.955307263,0.968472632,,187,243,187,,,,,,,,,,,,
26198,187,242,186,,0.955307263,0.968472632,,187,243,187,,,,,,,,,,,,
26465,187,236,187,,0.955307263,0.968472632,,187,243,187,,,,,,,,,,,,
26498,187,242,186,,0.955307263,0.968472632,,187,243,187,,,,,,,,,,,,
26531,187,243,187,,0.955307263,0.968472632,,187,243,187,,,,,,,,,,,,
26615,187,236,187,,0.955307263,0.968472632,,187,243,187,,,,,,,,,,,,
26648,187,242,187,,0.955307263,0.968472632,,187,243,187,,,,,,,,,,,,
26682,187,243,181,,0.955307263,0.968472632,,187,243,187,,,,,,,,,,,,
26715,187,243,187,,0.955307263,0.968472632,,187,243,187,,,,,,,,,,,,
26898,187,243,181,,0.955307263,0.968472632,,187,243,187,,,,,,,,,,,,
26998,187,235,186,,0.955307263,0.968472632,,188,243,187,,,,,,,,,,,,
16913,188,243,181,,0.94972067,0.962956443,,188,243,187,,,,,,,,,,,,
17513,188,244,187,,0.94972067,0.962956443,,188,243,187,,,,,,,,,,,,
17613,188,237,188,,0.94972067,0.962956443,,188,243,187,,,,,,,,,,,,
17631,188,238,189,,0.94972067,0.962956443,,188,243,188,,,,,,,,,,,,
17796,188,251,193,,0.94972067,0.962956443,,188,243,188,,,,,,,,,,,,
18279,188,244,182,,0.94972067,0.962956443,,188,243,188,,,,,,,,,,,,
18313,188,244,182,,0.94972067,0.962956443,,188,243,188,,,,,,,,,,,,
18346,188,244,182,,0.94972067,0.962956443,,188,243,188,,,,,,,,,,,,
18363,188,244,182,,0.94972067,0.962956443,,188,243,188,,,,,,,,,,,,
18397,188,244,188,,0.94972067,0.962956443,,188,243,188,,,,,,,,,,,,
18430,188,244,189,,0.94972067,0.962956443,,188,243,188,,,,,,,,,,,,
18496,188,244,181,,0.94972067,0.962956443,,188,243,188,,,,,,,,,,,,
18596,188,244,182,,0.94972067,0.962956443,,188,243,188,,,,,,,,,,,,
18630,188,245,182,,0.94972067,0.962956443,,188,243,188,,,,,,,,,,,,
18663,188,244,187,,0.94972067,0.962956443,,188,243,188,,,,,,,,,,,,
18813,188,239,189,,0.94972067,0.962956443,,188,243,188,,,,,,,,,,,,
18879,188,238,188,,0.94972067,0.962956443,,188,243,188,,,,,,,,,,,,
18913,188,243,187,,0.94972067,0.962956443,,188,243,188,,,,,,,,,,,,
18979,188,237,188,,0.94972067,0.962956443,,188,243,188,,,,,,,,,,,,
19013,188,244,188,,0.94972067,0.962956443,,188,243,188,,,,,,,,,,,,
19063,188,243,181,,0.94972067,0.962956443,,188,243,188,,,,,,,,,,,,
19097,188,243,182,,0.94972067,0.962956443,,188,243,188,,,,,,,,,,,,
19131,188,245,188,,0.94972067,0.962956443,,188,243,188,,,,,,,,,,,,
19230,188,237,188,,0.94972067,0.962956443,,188,243,188,,,,,,,,,,,,
19264,188,237,188,,0.94972067,0.962956443,,188,243,188,,,,,,,,,,,,
19297,188,237,189,,0.94972067,0.962956443,,188,243,188,,,,,,,,,,,,
19330,188,239,189,,0.94972067,0.962956443,,188,243,188,,,,,,,,,,,,
19513,188,244,188,,0.94972067,0.962956443,,188,243,188,,,,,,,,,,,,
19546,188,238,188,,0.94972067,0.962956443,,188,243,188,,,,,,,,,,,,
19580,188,237,188,,0.94972067,0.962956443,,188,243,188,,,,,,,,,,,,
19613,188,238,188,,0.94972067,0.962956443,,188,243,188,,,,,,,,,,,,
19647,188,245,188,,0.94972067,0.962956443,,188,243,188,,,,,,,,,,,,
19680,188,244,188,,0.94972067,0.962956443,,188,243,188,,,,,,,,,,,,
19696,188,244,187,,0.94972067,0.962956443,,188,244,188,,,,,,,,,,,,
19863,188,244,189,,0.94972067,0.962956443,,188,244,188,,,,,,,,,,,,
19896,188,245,189,,0.94972067,0.962956443,,188,244,188,,,,,,,,,,,,
20080,188,238,188,,0.94972067,0.962956443,,188,244,188,,,,,,,,,,,,
20464,188,243,186,,0.94972067,0.962956443,,188,244,188,,,,,,,,,,,,
20847,188,237,188,,0.94972067,0.962956443,,188,244,188,,,,,,,,,,,,
20880,188,237,188,,0.94972067,0.962956443,,188,244,188,,,,,,,,,,,,
20913,188,238,189,,0.94972067,0.962956443,,188,244,188,,,,,,,,,,,,
21163,188,243,187,,0.94972067,0.962956443,,188,244,188,,,,,,,,,,,,
21930,188,243,181,,0.94972067,0.962956443,,188,244,188,,,,,,,,,,,,
22131,188,243,181,,0.94972067,0.962956443,,188,244,188,,,,,,,,,,,,
22448,188,244,188,,0.94972067,0.962956443,,188,244,188,,,,,,,,,,,,
22480,188,244,182,,0.94972067,0.962956443,,188,244,188,,,,,,,,,,,,
22497,188,244,188,,0.94972067,0.962956443,,188,244,188,,,,,,,,,,,,
22530,188,245,188,,0.94972067,0.962956443,,188,244,188,,,,,,,,,,,,
22564,188,238,188,,0.94972067,0.962956443,,188,244,188,,,,,,,,,,,,
22597,188,238,188,,0.94972067,0.962956443,,188,244,188,,,,,,,,,,,,
22730,188,243,188,,0.94972067,0.962956443,,188,244,188,,,,,,,,,,,,
22747,188,245,183,,0.94972067,0.962956443,,188,244,188,,,,,,,,,,,,
22946,188,238,188,,0.94972067,0.962956443,,188,244,188,,,,,,,,,,,,
22981,188,238,188,,0.94972067,0.962956443,,188,244,188,,,,,,,,,,,,
23014,188,238,188,,0.94972067,0.962956443,,188,244,188,,,,,,,,,,,,
23047,188,237,187,,0.94972067,0.962956443,,188,244,188,,,,,,,,,,,,
23230,188,244,183,,0.94972067,0.962956443,,188,244,188,,,,,,,,,,,,
23363,188,237,187,,0.94972067,0.962956443,,188,244,188,,,,,,,,,,,,
23446,188,238,188,,0.94972067,0.962956443,,188,244,188,,,,,,,,,,,,
23713,188,244,188,,0.94972067,0.962956443,,188,244,188,,,,,,,,,,,,
23996,188,237,188,,0.94972067,0.962956443,,188,244,188,,,,,,,,,,,,
24064,188,237,188,,0.94972067,0.962956443,,188,244,188,,,,,,,,,,,,
24215,188,239,189,,0.94972067,0.962956443,,188,244,188,,,,,,,,,,,,
24398,188,244,187,,0.94972067,0.962956443,,188,244,188,,,,,,,,,,,,
24431,188,244,181,,0.94972067,0.962956443,,188,244,188,,,,,,,,,,,,
24464,188,243,181,,0.94972067,0.962956443,,188,244,188,,,,,,,,,,,,
24981,188,237,188,,0.94972067,0.962956443,,188,244,188,,,,,,,,,,,,
24998,188,241,188,,0.94972067,0.962956443,,188,244,188,,,,,,,,,,,,
26932,188,244,188,,0.94972067,0.962956443,,189,244,188,,,,,,,,,,,,
17413,189,245,190,,0.944134078,0.957440254,,189,244,188,,,,,,,,,,,,
17480,189,246,189,,0.944134078,0.957440254,,189,244,188,,,,,,,,,,,,
17663,189,239,189,,0.944134078,0.957440254,,189,244,188,,,,,,,,,,,,
17696,189,246,190,,0.944134078,0.957440254,,189,244,188,,,,,,,,,,,,
17896,189,245,189,,0.944134078,0.957440254,,189,244,188,,,,,,,,,,,,
17996,189,245,189,,0.944134078,0.957440254,,189,244,188,,,,,,,,,,,,
18013,189,245,189,,0.944134078,0.957440254,,189,244,189,,,,,,,,,,,,
18148,189,238,188,,0.944134078,0.957440254,,189,244,189,,,,,,,,,,,,
18463,189,244,188,,0.944134078,0.957440254,,189,245,189,,,,,,,,,,,,
18846,189,238,188,,0.944134078,0.957440254,,189,245,189,,,,,,,,,,,,
19164,189,245,189,,0.944134078,0.957440254,,189,245,189,,,,,,,,,,,,
19196,189,239,188,,0.944134078,0.957440254,,189,245,189,,,,,,,,,,,,
19346,189,244,189,,0.944134078,0.957440254,,189,245,189,,,,,,,,,,,,
19380,189,245,188,,0.944134078,0.957440254,,189,245,189,,,,,,,,,,,,
20614,189,247,185,,0.944134078,0.957440254,,189,245,189,,,,,,,,,,,,
20813,189,245,188,,0.944134078,0.957440254,,189,245,189,,,,,,,,,,,,
20946,189,240,189,,0.944134078,0.957440254,,189,245,189,,,,,,,,,,,,
20980,189,239,189,,0.944134078,0.957440254,,189,245,189,,,,,,,,,,,,
20997,189,244,189,,0.944134078,0.957440254,,189,245,189,,,,,,,,,,,,
21064,189,245,183,,0.944134078,0.957440254,,189,245,189,,,,,,,,,,,,
21097,189,246,183,,0.944134078,0.957440254,,189,245,189,,,,,,,,,,,,
21130,189,245,188,,0.944134078,0.957440254,,189,245,189,,,,,,,,,,,,
21330,189,245,183,,0.944134078,0.957440254,,189,245,189,,,,,,,,,,,,
21347,189,245,189,,0.944134078,0.957440254,,189,245,189,,,,,,,,,,,,
21381,189,240,190,,0.944134078,0.957440254,,189,245,189,,,,,,,,,,,,
21414,189,247,190,,0.944134078,0.957440254,,189,245,189,,,,,,,,,,,,
21647,189,245,188,,0.944134078,0.957440254,,189,245,189,,,,,,,,,,,,
21681,189,245,189,,0.944134078,0.957440254,,189,245,189,,,,,,,,,,,,
21698,189,239,189,,0.944134078,0.957440254,,189,245,189,,,,,,,,,,,,
21863,189,245,183,,0.944134078,0.957440254,,189,245,189,,,,,,,,,,,,
21897,189,245,188,,0.944134078,0.957440254,,189,245,189,,,,,,,,,,,,
22063,189,245,189,,0.944134078,0.957440254,,189,245,189,,,,,,,,,,,,
22096,189,245,182,,0.944134078,0.957440254,,189,245,189,,,,,,,,,,,,
22813,189,241,188,,0.944134078,0.957440254,,189,245,189,,,,,,,,,,,,
22847,189,237,188,,0.944134078,0.957440254,,189,245,189,,,,,,,,,,,,
23264,189,245,189,,0.944134078,0.957440254,,189,245,189,,,,,,,,,,,,
23297,189,240,190,,0.944134078,0.957440254,,189,246,189,,,,,,,,,,,,
23330,189,239,188,,0.944134078,0.957440254,,189,246,189,,,,,,,,,,,,
23480,189,240,190,,0.944134078,0.957440254,,189,246,189,,,,,,,,,,,,
23513,189,246,189,,0.944134078,0.957440254,,189,246,190,,,,,,,,,,,,
24031,189,239,188,,0.944134078,0.957440254,,189,246,190,,,,,,,,,,,,
24248,189,239,188,,0.944134078,0.957440254,,189,246,190,,,,,,,,,,,,
24281,189,244,188,,0.944134078,0.957440254,,190,246,190,,,,,,,,,,,,
17447,190,241,190,,0.938547486,0.951924065,,190,246,190,,,,,,,,,,,,
17963,190,246,183,,0.938547486,0.951924065,,190,246,190,,,,,,,,,,,,
18080,190,246,190,,0.938547486,0.951924065,,190,246,190,,,,,,,,,,,,
18114,190,246,188,,0.938547486,0.951924065,,190,246,190,,,,,,,,,,,,
20646,190,241,191,,0.938547486,0.951924065,,190,246,190,,,,,,,,,,,,
20680,190,247,185,,0.938547486,0.951924065,,190,247,190,,,,,,,,,,,,
20713,190,241,190,,0.938547486,0.951924065,,190,247,190,,,,,,,,,,,,
20746,190,247,190,,0.938547486,0.951924065,,190,247,190,,,,,,,,,,,,
21548,190,246,190,,0.938547486,0.951924065,,190,247,190,,,,,,,,,,,,
21581,190,247,190,,0.938547486,0.951924065,,190,247,190,,,,,,,,,,,,
21747,190,248,190,,0.938547486,0.951924065,,190,247,190,,,,,,,,,,,,
21797,190,240,190,,0.938547486,0.951924065,,190,247,190,,,,,,,,,,,,
22780,190,247,189,,0.938547486,0.951924065,,191,247,190,,,,,,,,,,,,
17730,191,248,185,,0.932960894,0.946407875,,191,247,190,,,,,,,,,,,,
17830,191,249,185,,0.932960894,0.946407875,,191,248,190,,,,,,,,,,,,
17862,191,240,190,,0.932960894,0.946407875,,191,248,191,,,,,,,,,,,,
20780,191,247,190,,0.932960894,0.946407875,,191,249,191,,,,,,,,,,,,
21479,191,241,190,,0.932960894,0.946407875,,191,250,193,,,,,,,,,,,,
21763,191,247,190,,0.932960894,0.946407875,,193,251,193,,,,,,,,,,,,
17763,193,250,193,,0.921787709,0.935375497,,168,219,,,,,,,,,,,,,
