Time,Reading,,Accuracy,Precision,,,,,,value,repeated,Accuracy,Precision
5548,10.57,,0.987850467,0.984474972,,,,,,10.57,1,0.987850467,0.984474972
6776,10.6,,0.990654206,0.98726913,,,,,,10.6,1,0.990654206,0.98726913
3193,10.63,,0.993457944,0.990063288,,,,,,10.63,81,0.993457944,0.990063288
4093,10.63,,0.993457944,0.990063288,,,,,,10.71,705,0.999065421,0.997514376
4693,10.63,,0.993457944,0.990063288,,,,,,10.75,364,0.995327103,0.99876008
4843,10.63,,0.993457944,0.990063288,,,,,,10.81,215,0.989719626,0.993171764
4995,10.63,,0.993457944,0.990063288,,,,,,10.82,50,0.988785047,0.992240379
5925,10.63,,0.993457944,0.990063288,,,,,,10.83,32,0.987850467,0.991308993
6677,10.63,,0.993457944,0.990063288,,,,,,,,,
7160,10.63,,0.993457944,0.990063288,,,,,MIN,10.57,,,
7459,10.63,,0.993457944,0.990063288,,,,,MAX,10.83,,,
7893,10.63,,0.993457944,0.990063288,,,,,MEAN (avrage),10.73668737,,,
8659,10.63,,0.993457944,0.990063288,,,,,STANDARED DEVIATION,0.047856682,,,
8693,10.63,,0.993457944,0.990063288,,,,,MEDIAN,10.71,,,
8827,10.63,,0.993457944,0.990063288,,,,,X_Actual,10.7,,,
8993,10.63,,0.993457944,0.990063288,,,,,,,,,
9126,10.63,,0.993457944,0.990063288,,,,,,,,,
9261,10.63,,0.993457944,0.990063288,,,,,,,,,
9443,10.63,,0.993457944,0.990063288,,,,,,,,,
9727,10.63,,0.993457944,0.990063288,,,,,,,,,
9743,10.63,,0.993457944,0.990063288,,,,,,,,,
10193,10.63,,0.993457944,0.990063288,,,,,,,,,
10344,10.63,,0.993457944,0.990063288,,,,,,,,,
10360,10.63,,0.993457944,0.990063288,,,,,,,,,
10777,10.63,,0.993457944,0.990063288,,,,,,,,,
10811,10.63,,0.993457944,0.990063288,,,,,,,,,
10826,10.63,,0.993457944,0.990063288,,,,,,,,,
11394,10.63,,0.993457944,0.990063288,,,,,,,,,
11694,10.63,,0.993457944,0.990063288,,,,,,,,,
12028,10.63,,0.993457944,0.990063288,,,,,,,,,
12494,10.63,,0.993457944,0.990063288,,,,,,,,,
12761,10.63,,0.993457944,0.990063288,,,,,,,,,
12794,10.63,,0.993457944,0.990063288,,,,,,,,,
13061,10.63,,0.993457944,0.990063288,,,,,,,,,
13678,10.63,,0.993457944,0.990063288,,,,,,,,,
14143,10.63,,0.993457944,0.990063288,,,,,,,,,
14443,10.63,,0.993457944,0.990063288,,,,,,,,,
15245,10.63,,0.993457944,0.990063288,,,,,,,,,
15660,10.63,,0.993457944,0.990063288,,,,,,,,,
15693,10.63,,0.993457944,0.990063288,,,,,,,,,
17510,10.63,,0.993457944,0.990063288,,,,,,,,,
18111,10.63,,0.993457944,0.990063288,,,,,,,,,
18394,10.63,,0.993457944,0.990063288,,,,,,,,,
18595,10.63,,0.993457944,0.990063288,,,,,,,,,
18862,10.63,,0.993457944,0.990063288,,,,,,,,,
19027,10.63,,0.993457944,0.990063288,,,,,,,,,
19195,10.63,,0.993457944,0.990063288,,,,,,,,,
19311,10.63,,0.993457944,0.990063288,,,,,,,,,
22528,10.63,,0.993457944,0.990063288,,,,,,,,,
23612,10.63,,0.993457944,0.990063288,,,,,,,,,
23727,10.63,,0.993457944,0.990063288,,,,,,,,,
23895,10.63,,0.993457944,0.990063288,,,,,,,,,
23912,10.63,,0.993457944,0.990063288,,,,,,,,,
24211,10.63,,0.993457944,0.990063288,,,,,,,,,
24378,10.63,,0.993457944,0.990063288,,,,,,,,,
25278,10.63,,0.993457944,0.990063288,,,,,,,,,
25712,10.63,,0.993457944,0.990063288,,,,,,,,,
25913,10.63,,0.993457944,0.990063288,,,,,,,,,
26211,10.63,,0.993457944,0.990063288,,,,,,,,,
26661,10.63,,0.993457944,0.990063288,,,,,,,,,
26946,10.63,,0.993457944,0.990063288,,,,,,,,,
26978,10.63,,0.993457944,0.990063288,,,,,,,,,
27096,10.63,,0.993457944,0.990063288,,,,,,,,,
27261,10.63,,0.993457944,0.990063288,,,,,,,,,
27395,10.63,,0.993457944,0.990063288,,,,,,,,,
27861,10.63,,0.993457944,0.990063288,,,,,,,,,
28011,10.63,,0.993457944,0.990063288,,,,,,,,,
28145,10.63,,0.993457944,0.990063288,,,,,,,,,
28645,10.63,,0.993457944,0.990063288,,,,,,,,,
28778,10.63,,0.993457944,0.990063288,,,,,,,,,
29062,10.63,,0.993457944,0.990063288,,,,,,,,,
29113,10.63,,0.993457944,0.990063288,,,,,,,,,
29211,10.63,,0.993457944,0.990063288,,,,,,,,,
29229,10.63,,0.993457944,0.990063288,,,,,,,,,
29262,10.63,,0.993457944,0.990063288,,,,,,,,,
29829,10.63,,0.993457944,0.990063288,,,,,,,,,
30012,10.63,,0.993457944,0.990063288,,,,,,,,,
30178,10.63,,0.993457944,0.990063288,,,,,,,,,
30278,10.63,,0.993457944,0.990063288,,,,,,,,,
31096,10.63,,0.993457944,0.990063288,,,,,,,,,
31212,10.63,,0.993457944,0.990063288,,,,,,,,,
31662,10.63,,0.993457944,0.990063288,,,,,,,,,
32162,10.63,,0.993457944,0.990063288,,,,,,,,,
1276,10.71,,0.999065421,0.997514376,,,,,,,,,
1293,10.71,,0.999065421,0.997514376,,,,,,,,,
1311,10.71,,0.999065421,0.997514376,,,,,,,,,
1326,10.71,,0.999065421,0.997514376,,,,,,,,,
1419,10.71,,0.999065421,0.997514376,,,,,,,,,
1557,10.71,,0.999065421,0.997514376,,,,,,,,,
2744,10.71,,0.999065421,0.997514376,,,,,,,,,
2943,10.71,,0.999065421,0.997514376,,,,,,,,,
2959,10.71,,0.999065421,0.997514376,,,,,,,,,
3059,10.71,,0.999065421,0.997514376,,,,,,,,,
3377,10.71,,0.999065421,0.997514376,,,,,,,,,
3410,10.71,,0.999065421,0.997514376,,,,,,,,,
3426,10.71,,0.999065421,0.997514376,,,,,,,,,
3444,10.71,,0.999065421,0.997514376,,,,,,,,,
3677,10.71,,0.999065421,0.997514376,,,,,,,,,
3827,10.71,,0.999065421,0.997514376,,,,,,,,,
3843,10.71,,0.999065421,0.997514376,,,,,,,,,
3876,10.71,,0.999065421,0.997514376,,,,,,,,,
3894,10.71,,0.999065421,0.997514376,,,,,,,,,
3910,10.71,,0.999065421,0.997514376,,,,,,,,,
3977,10.71,,0.999065421,0.997514376,,,,,,,,,
4010,10.71,,0.999065421,0.997514376,,,,,,,,,
4043,10.71,,0.999065421,0.997514376,,,,,,,,,
4060,10.71,,0.999065421,0.997514376,,,,,,,,,
4126,10.71,,0.999065421,0.997514376,,,,,,,,,
4144,10.71,,0.999065421,0.997514376,,,,,,,,,
4160,10.71,,0.999065421,0.997514376,,,,,,,,,
4210,10.71,,0.999065421,0.997514376,,,,,,,,,
4478,10.71,,0.999065421,0.997514376,,,,,,,,,
4593,10.71,,0.999065421,0.997514376,,,,,,,,,
4609,10.71,,0.999065421,0.997514376,,,,,,,,,
4626,10.71,,0.999065421,0.997514376,,,,,,,,,
4643,10.71,,0.999065421,0.997514376,,,,,,,,,
4743,10.71,,0.999065421,0.997514376,,,,,,,,,
4760,10.71,,0.999065421,0.997514376,,,,,,,,,
4775,10.71,,0.999065421,0.997514376,,,,,,,,,
4792,10.71,,0.999065421,0.997514376,,,,,,,,,
4810,10.71,,0.999065421,0.997514376,,,,,,,,,
4909,10.71,,0.999065421,0.997514376,,,,,,,,,
4978,10.71,,0.999065421,0.997514376,,,,,,,,,
5043,10.71,,0.999065421,0.997514376,,,,,,,,,
5077,10.71,,0.999065421,0.997514376,,,,,,,,,
5094,10.71,,0.999065421,0.997514376,,,,,,,,,
5110,10.71,,0.999065421,0.997514376,,,,,,,,,
5193,10.71,,0.999065421,0.997514376,,,,,,,,,
5243,10.71,,0.999065421,0.997514376,,,,,,,,,
5259,10.71,,0.999065421,0.997514376,,,,,,,,,
5277,10.71,,0.999065421,0.997514376,,,,,,,,,
5344,10.71,,0.999065421,0.997514376,,,,,,,,,
5377,10.71,,0.999065421,0.997514376,,,,,,,,,
5393,10.71,,0.999065421,0.997514376,,,,,,,,,
5427,10.71,,0.999065421,0.997514376,,,,,,,,,
5509,10.71,,0.999065421,0.997514376,,,,,,,,,
5526,10.71,,0.999065421,0.997514376,,,,,,,,,
5542,10.71,,0.999065421,0.997514376,,,,,,,,,
5559,10.71,,0.999065421,0.997514376,,,,,,,,,
5576,10.71,,0.999065421,0.997514376,,,,,,,,,
5659,10.71,,0.999065421,0.997514376,,,,,,,,,
5675,10.71,,0.999065421,0.997514376,,,,,,,,,
5693,10.71,,0.999065421,0.997514376,,,,,,,,,
5709,10.71,,0.999065421,0.997514376,,,,,,,,,
5727,10.71,,0.999065421,0.997514376,,,,,,,,,
5810,10.71,,0.999065421,0.997514376,,,,,,,,,
5826,10.71,,0.999065421,0.997514376,,,,,,,,,
5842,10.71,,0.999065421,0.997514376,,,,,,,,,
5860,10.71,,0.999065421,0.997514376,,,,,,,,,
5876,10.71,,0.999065421,0.997514376,,,,,,,,,
5959,10.71,,0.999065421,0.997514376,,,,,,,,,
5977,10.71,,0.999065421,0.997514376,,,,,,,,,
5993,10.71,,0.999065421,0.997514376,,,,,,,,,
6010,10.71,,0.999065421,0.997514376,,,,,,,,,
6027,10.71,,0.999065421,0.997514376,,,,,,,,,
6043,10.71,,0.999065421,0.997514376,,,,,,,,,
6110,10.71,,0.999065421,0.997514376,,,,,,,,,
6142,10.71,,0.999065421,0.997514376,,,,,,,,,
6160,10.71,,0.999065421,0.997514376,,,,,,,,,
6177,10.71,,0.999065421,0.997514376,,,,,,,,,
6193,10.71,,0.999065421,0.997514376,,,,,,,,,
6260,10.71,,0.999065421,0.997514376,,,,,,,,,
6276,10.71,,0.999065421,0.997514376,,,,,,,,,
6293,10.71,,0.999065421,0.997514376,,,,,,,,,
6309,10.71,,0.999065421,0.997514376,,,,,,,,,
6326,10.71,,0.999065421,0.997514376,,,,,,,,,
6343,10.71,,0.999065421,0.997514376,,,,,,,,,
6410,10.71,,0.999065421,0.997514376,,,,,,,,,
6426,10.71,,0.999065421,0.997514376,,,,,,,,,
6443,10.71,,0.999065421,0.997514376,,,,,,,,,
6459,10.71,,0.999065421,0.997514376,,,,,,,,,
6476,10.71,,0.999065421,0.997514376,,,,,,,,,
6492,10.71,,0.999065421,0.997514376,,,,,,,,,
6576,10.71,,0.999065421,0.997514376,,,,,,,,,
6594,10.71,,0.999065421,0.997514376,,,,,,,,,
6611,10.71,,0.999065421,0.997514376,,,,,,,,,
6627,10.71,,0.999065421,0.997514376,,,,,,,,,
6643,10.71,,0.999065421,0.997514376,,,,,,,,,
6727,10.71,,0.999065421,0.997514376,,,,,,,,,
6743,10.71,,0.999065421,0.997514376,,,,,,,,,
6760,10.71,,0.999065421,0.997514376,,,,,,,,,
6793,10.71,,0.999065421,0.997514376,,,,,,,,,
6876,10.71,,0.999065421,0.997514376,,,,,,,,,
6893,10.71,,0.999065421,0.997514376,,,,,,,,,
6910,10.71,,0.999065421,0.997514376,,,,,,,,,
6926,10.71,,0.999065421,0.997514376,,,,,,,,,
6943,10.71,,0.999065421,0.997514376,,,,,,,,,
7027,10.71,,0.999065421,0.997514376,,,,,,,,,
7044,10.71,,0.999065421,0.997514376,,,,,,,,,
7061,10.71,,0.999065421,0.997514376,,,,,,,,,
7076,10.71,,0.999065421,0.997514376,,,,,,,,,
7093,10.71,,0.999065421,0.997514376,,,,,,,,,
7110,10.71,,0.999065421,0.997514376,,,,,,,,,
7177,10.71,,0.999065421,0.997514376,,,,,,,,,
7193,10.71,,0.999065421,0.997514376,,,,,,,,,
7211,10.71,,0.999065421,0.997514376,,,,,,,,,
7226,10.71,,0.999065421,0.997514376,,,,,,,,,
7243,10.71,,0.999065421,0.997514376,,,,,,,,,
7260,10.71,,0.999065421,0.997514376,,,,,,,,,
7343,10.71,,0.999065421,0.997514376,,,,,,,,,
7360,10.71,,0.999065421,0.997514376,,,,,,,,,
7376,10.71,,0.999065421,0.997514376,,,,,,,,,
7410,10.71,,0.999065421,0.997514376,,,,,,,,,
7510,10.71,,0.999065421,0.997514376,,,,,,,,,
7527,10.71,,0.999065421,0.997514376,,,,,,,,,
7543,10.71,,0.999065421,0.997514376,,,,,,,,,
7678,10.71,,0.999065421,0.997514376,,,,,,,,,
7710,10.71,,0.999065421,0.997514376,,,,,,,,,
7794,10.71,,0.999065421,0.997514376,,,,,,,,,
7809,10.71,,0.999065421,0.997514376,,,,,,,,,
7977,10.71,,0.999065421,0.997514376,,,,,,,,,
7993,10.71,,0.999065421,0.997514376,,,,,,,,,
8011,10.71,,0.999065421,0.997514376,,,,,,,,,
8093,10.71,,0.999065421,0.997514376,,,,,,,,,
8110,10.71,,0.999065421,0.997514376,,,,,,,,,
8127,10.71,,0.999065421,0.997514376,,,,,,,,,
8143,10.71,,0.999065421,0.997514376,,,,,,,,,
8161,10.71,,0.999065421,0.997514376,,,,,,,,,
8177,10.71,,0.999065421,0.997514376,,,,,,,,,
8243,10.71,,0.999065421,0.997514376,,,,,,,,,
8259,10.71,,0.999065421,0.997514376,,,,,,,,,
8277,10.71,,0.999065421,0.997514376,,,,,,,,,
8293,10.71,,0.999065421,0.997514376,,,,,,,,,
8309,10.71,,0.999065421,0.997514376,,,,,,,,,
8326,10.71,,0.999065421,0.997514376,,,,,,,,,
8393,10.71,,0.999065421,0.997514376,,,,,,,,,
8410,10.71,,0.999065421,0.997514376,,,,,,,,,
8426,10.71,,0.999065421,0.997514376,,,,,,,,,
8444,10.71,,0.999065421,0.997514376,,,,,,,,,
8460,10.71,,0.999065421,0.997514376,,,,,,,,,
8543,10.71,,0.999065421,0.997514376,,,,,,,,,
8561,10.71,,0.999065421,0.997514376,,,,,,,,,
8577,10.71,,0.999065421,0.997514376,,,,,,,,,
8626,10.71,,0.999065421,0.997514376,,,,,,,,,
8711,10.71,,0.999065421,0.997514376,,,,,,,,,
8726,10.71,,0.999065421,0.997514376,,,,,,,,,
8876,10.71,,0.999065421,0.997514376,,,,,,,,,
8910,10.71,,0.999065421,0.997514376,,,,,,,,,
9010,10.71,,0.999065421,0.997514376,,,,,,,,,
9026,10.71,,0.999065421,0.997514376,,,,,,,,,
9060,10.71,,0.999065421,0.997514376,,,,,,,,,
9160,10.71,,0.999065421,0.997514376,,,,,,,,,
9177,10.71,,0.999065421,0.997514376,,,,,,,,,
9200,10.71,,0.999065421,0.997514376,,,,,,,,,
9211,10.71,,0.999065421,0.997514376,,,,,,,,,
9227,10.71,,0.999065421,0.997514376,,,,,,,,,
9244,10.71,,0.999065421,0.997514376,,,,,,,,,
9310,10.71,,0.999065421,0.997514376,,,,,,,,,
9326,10.71,,0.999065421,0.997514376,,,,,,,,,
9343,10.71,,0.999065421,0.997514376,,,,,,,,,
9510,10.71,,0.999065421,0.997514376,,,,,,,,,
9527,10.71,,0.999065421,0.997514376,,,,,,,,,
9544,10.71,,0.999065421,0.997514376,,,,,,,,,
9644,10.71,,0.999065421,0.997514376,,,,,,,,,
9694,10.71,,0.999065421,0.997514376,,,,,,,,,
9776,10.71,,0.999065421,0.997514376,,,,,,,,,
9793,10.71,,0.999065421,0.997514376,,,,,,,,,
9827,10.71,,0.999065421,0.997514376,,,,,,,,,
10076,10.71,,0.999065421,0.997514376,,,,,,,,,
10094,10.71,,0.999065421,0.997514376,,,,,,,,,
10143,10.71,,0.999065421,0.997514376,,,,,,,,,
10243,10.71,,0.999065421,0.997514376,,,,,,,,,
10260,10.71,,0.999065421,0.997514376,,,,,,,,,
10277,10.71,,0.999065421,0.997514376,,,,,,,,,
10294,10.71,,0.999065421,0.997514376,,,,,,,,,
10310,10.71,,0.999065421,0.997514376,,,,,,,,,
10393,10.71,,0.999065421,0.997514376,,,,,,,,,
10426,10.71,,0.999065421,0.997514376,,,,,,,,,
10443,10.71,,0.999065421,0.997514376,,,,,,,,,
10527,10.71,,0.999065421,0.997514376,,,,,,,,,
10544,10.71,,0.999065421,0.997514376,,,,,,,,,
10559,10.71,,0.999065421,0.997514376,,,,,,,,,
10576,10.71,,0.999065421,0.997514376,,,,,,,,,
10593,10.71,,0.999065421,0.997514376,,,,,,,,,
10710,10.71,,0.999065421,0.997514376,,,,,,,,,
10727,10.71,,0.999065421,0.997514376,,,,,,,,,
10744,10.71,,0.999065421,0.997514376,,,,,,,,,
10844,10.71,,0.999065421,0.997514376,,,,,,,,,
11010,10.71,,0.999065421,0.997514376,,,,,,,,,
11027,10.71,,0.999065421,0.997514376,,,,,,,,,
11043,10.71,,0.999065421,0.997514376,,,,,,,,,
11194,10.71,,0.999065421,0.997514376,,,,,,,,,
11211,10.71,,0.999065421,0.997514376,,,,,,,,,
11293,10.71,,0.999065421,0.997514376,,,,,,,,,
11311,10.71,,0.999065421,0.997514376,,,,,,,,,
11360,10.71,,0.999065421,0.997514376,,,,,,,,,
11377,10.71,,0.999065421,0.997514376,,,,,,,,,
11526,10.71,,0.999065421,0.997514376,,,,,,,,,
11593,10.71,,0.999065421,0.997514376,,,,,,,,,
11644,10.71,,0.999065421,0.997514376,,,,,,,,,
11660,10.71,,0.999065421,0.997514376,,,,,,,,,
11776,10.71,,0.999065421,0.997514376,,,,,,,,,
11910,10.71,,0.999065421,0.997514376,,,,,,,,,
12227,10.71,,0.999065421,0.997514376,,,,,,,,,
12361,10.71,,0.999065421,0.997514376,,,,,,,,,
12377,10.71,,0.999065421,0.997514376,,,,,,,,,
12394,10.71,,0.999065421,0.997514376,,,,,,,,,
12411,10.71,,0.999065421,0.997514376,,,,,,,,,
12427,10.71,,0.999065421,0.997514376,,,,,,,,,
12511,10.71,,0.999065421,0.997514376,,,,,,,,,
12544,10.71,,0.999065421,0.997514376,,,,,,,,,
12660,10.71,,0.999065421,0.997514376,,,,,,,,,
12677,10.71,,0.999065421,0.997514376,,,,,,,,,
12694,10.71,,0.999065421,0.997514376,,,,,,,,,
12710,10.71,,0.999065421,0.997514376,,,,,,,,,
12726,10.71,,0.999065421,0.997514376,,,,,,,,,
12743,10.71,,0.999065421,0.997514376,,,,,,,,,
12827,10.71,,0.999065421,0.997514376,,,,,,,,,
12844,10.71,,0.999065421,0.997514376,,,,,,,,,
12860,10.71,,0.999065421,0.997514376,,,,,,,,,
12893,10.71,,0.999065421,0.997514376,,,,,,,,,
12977,10.71,,0.999065421,0.997514376,,,,,,,,,
12993,10.71,,0.999065421,0.997514376,,,,,,,,,
13011,10.71,,0.999065421,0.997514376,,,,,,,,,
13027,10.71,,0.999065421,0.997514376,,,,,,,,,
13043,10.71,,0.999065421,0.997514376,,,,,,,,,
13127,10.71,,0.999065421,0.997514376,,,,,,,,,
13143,10.71,,0.999065421,0.997514376,,,,,,,,,
13160,10.71,,0.999065421,0.997514376,,,,,,,,,
13176,10.71,,0.999065421,0.997514376,,,,,,,,,
13193,10.71,,0.999065421,0.997514376,,,,,,,,,
13277,10.71,,0.999065421,0.997514376,,,,,,,,,
13293,10.71,,0.999065421,0.997514376,,,,,,,,,
13326,10.71,,0.999065421,0.997514376,,,,,,,,,
13461,10.71,,0.999065421,0.997514376,,,,,,,,,
13628,10.71,,0.999065421,0.997514376,,,,,,,,,
13894,10.71,,0.999065421,0.997514376,,,,,,,,,
14060,10.71,,0.999065421,0.997514376,,,,,,,,,
14077,10.71,,0.999065421,0.997514376,,,,,,,,,
14094,10.71,,0.999065421,0.997514376,,,,,,,,,
14111,10.71,,0.999065421,0.997514376,,,,,,,,,
14195,10.71,,0.999065421,0.997514376,,,,,,,,,
14211,10.71,,0.999065421,0.997514376,,,,,,,,,
14262,10.71,,0.999065421,0.997514376,,,,,,,,,
14361,10.71,,0.999065421,0.997514376,,,,,,,,,
14377,10.71,,0.999065421,0.997514376,,,,,,,,,
14394,10.71,,0.999065421,0.997514376,,,,,,,,,
14410,10.71,,0.999065421,0.997514376,,,,,,,,,
14510,10.71,,0.999065421,0.997514376,,,,,,,,,
14527,10.71,,0.999065421,0.997514376,,,,,,,,,
14544,10.71,,0.999065421,0.997514376,,,,,,,,,
14794,10.71,,0.999065421,0.997514376,,,,,,,,,
14811,10.71,,0.999065421,0.997514376,,,,,,,,,
14961,10.71,,0.999065421,0.997514376,,,,,,,,,
15177,10.71,,0.999065421,0.997514376,,,,,,,,,
15278,10.71,,0.999065421,0.997514376,,,,,,,,,
15427,10.71,,0.999065421,0.997514376,,,,,,,,,
15444,10.71,,0.999065421,0.997514376,,,,,,,,,
15478,10.71,,0.999065421,0.997514376,,,,,,,,,
15578,10.71,,0.999065421,0.997514376,,,,,,,,,
15744,10.71,,0.999065421,0.997514376,,,,,,,,,
15860,10.71,,0.999065421,0.997514376,,,,,,,,,
15877,10.71,,0.999065421,0.997514376,,,,,,,,,
15927,10.71,,0.999065421,0.997514376,,,,,,,,,
16193,10.71,,0.999065421,0.997514376,,,,,,,,,
16210,10.71,,0.999065421,0.997514376,,,,,,,,,
16226,10.71,,0.999065421,0.997514376,,,,,,,,,
16362,10.71,,0.999065421,0.997514376,,,,,,,,,
16377,10.71,,0.999065421,0.997514376,,,,,,,,,
16477,10.71,,0.999065421,0.997514376,,,,,,,,,
16627,10.71,,0.999065421,0.997514376,,,,,,,,,
16678,10.71,,0.999065421,0.997514376,,,,,,,,,
16694,10.71,,0.999065421,0.997514376,,,,,,,,,
16711,10.71,,0.999065421,0.997514376,,,,,,,,,
16795,10.71,,0.999065421,0.997514376,,,,,,,,,
16960,10.71,,0.999065421,0.997514376,,,,,,,,,
16994,10.71,,0.999065421,0.997514376,,,,,,,,,
17010,10.71,,0.999065421,0.997514376,,,,,,,,,
17077,10.71,,0.999065421,0.997514376,,,,,,,,,
17161,10.71,,0.999065421,0.997514376,,,,,,,,,
17277,10.71,,0.999065421,0.997514376,,,,,,,,,
17311,10.71,,0.999065421,0.997514376,,,,,,,,,
17428,10.71,,0.999065421,0.997514376,,,,,,,,,
17444,10.71,,0.999065421,0.997514376,,,,,,,,,
17460,10.71,,0.999065421,0.997514376,,,,,,,,,
17543,10.71,,0.999065421,0.997514376,,,,,,,,,
17576,10.71,,0.999065421,0.997514376,,,,,,,,,
17594,10.71,,0.999065421,0.997514376,,,,,,,,,
17695,10.71,,0.999065421,0.997514376,,,,,,,,,
17778,10.71,,0.999065421,0.997514376,,,,,,,,,
17844,10.71,,0.999065421,0.997514376,,,,,,,,,
17861,10.71,,0.999065421,0.997514376,,,,,,,,,
17877,10.71,,0.999065421,0.997514376,,,,,,,,,
17894,10.71,,0.999065421,0.997514376,,,,,,,,,
17994,10.71,,0.999065421,0.997514376,,,,,,,,,
18010,10.71,,0.999065421,0.997514376,,,,,,,,,
18044,10.71,,0.999065421,0.997514376,,,,,,,,,
18144,10.71,,0.999065421,0.997514376,,,,,,,,,
18161,10.71,,0.999065421,0.997514376,,,,,,,,,
18177,10.71,,0.999065421,0.997514376,,,,,,,,,
18193,10.71,,0.999065421,0.997514376,,,,,,,,,
18211,10.71,,0.999065421,0.997514376,,,,,,,,,
18228,10.71,,0.999065421,0.997514376,,,,,,,,,
18311,10.71,,0.999065421,0.997514376,,,,,,,,,
18327,10.71,,0.999065421,0.997514376,,,,,,,,,
18344,10.71,,0.999065421,0.997514376,,,,,,,,,
18360,10.71,,0.999065421,0.997514376,,,,,,,,,
18494,10.71,,0.999065421,0.997514376,,,,,,,,,
18511,10.71,,0.999065421,0.997514376,,,,,,,,,
18611,10.71,,0.999065421,0.997514376,,,,,,,,,
18627,10.71,,0.999065421,0.997514376,,,,,,,,,
18644,10.71,,0.999065421,0.997514376,,,,,,,,,
18661,10.71,,0.999065421,0.997514376,,,,,,,,,
18760,10.71,,0.999065421,0.997514376,,,,,,,,,
18795,10.71,,0.999065421,0.997514376,,,,,,,,,
18845,10.71,,0.999065421,0.997514376,,,,,,,,,
18911,10.71,,0.999065421,0.997514376,,,,,,,,,
18944,10.71,,0.999065421,0.997514376,,,,,,,,,
18994,10.71,,0.999065421,0.997514376,,,,,,,,,
19061,10.71,,0.999065421,0.997514376,,,,,,,,,
19077,10.71,,0.999065421,0.997514376,,,,,,,,,
19127,10.71,,0.999065421,0.997514376,,,,,,,,,
19144,10.71,,0.999065421,0.997514376,,,,,,,,,
19211,10.71,,0.999065421,0.997514376,,,,,,,,,
19227,10.71,,0.999065421,0.997514376,,,,,,,,,
19394,10.71,,0.999065421,0.997514376,,,,,,,,,
19677,10.71,,0.999065421,0.997514376,,,,,,,,,
19710,10.71,,0.999065421,0.997514376,,,,,,,,,
19727,10.71,,0.999065421,0.997514376,,,,,,,,,
19745,10.71,,0.999065421,0.997514376,,,,,,,,,
19827,10.71,,0.999065421,0.997514376,,,,,,,,,
20011,10.71,,0.999065421,0.997514376,,,,,,,,,
20211,10.71,,0.999065421,0.997514376,,,,,,,,,
20462,10.71,,0.999065421,0.997514376,,,,,,,,,
21078,10.71,,0.999065421,0.997514376,,,,,,,,,
21094,10.71,,0.999065421,0.997514376,,,,,,,,,
21195,10.71,,0.999065421,0.997514376,,,,,,,,,
21227,10.71,,0.999065421,0.997514376,,,,,,,,,
21244,10.71,,0.999065421,0.997514376,,,,,,,,,
21261,10.71,,0.999065421,0.997514376,,,,,,,,,
21377,10.71,,0.999065421,0.997514376,,,,,,,,,
21544,10.71,,0.999065421,0.997514376,,,,,,,,,
21827,10.71,,0.999065421,0.997514376,,,,,,,,,
22145,10.71,,0.999065421,0.997514376,,,,,,,,,
22194,10.71,,0.999065421,0.997514376,,,,,,,,,
22744,10.71,,0.999065421,0.997514376,,,,,,,,,
22895,10.71,,0.999065421,0.997514376,,,,,,,,,
22911,10.71,,0.999065421,0.997514376,,,,,,,,,
23028,10.71,,0.999065421,0.997514376,,,,,,,,,
23078,10.71,,0.999065421,0.997514376,,,,,,,,,
23095,10.71,,0.999065421,0.997514376,,,,,,,,,
23244,10.71,,0.999065421,0.997514376,,,,,,,,,
23478,10.71,,0.999065421,0.997514376,,,,,,,,,
23512,10.71,,0.999065421,0.997514376,,,,,,,,,
23528,10.71,,0.999065421,0.997514376,,,,,,,,,
23794,10.71,,0.999065421,0.997514376,,,,,,,,,
23810,10.71,,0.999065421,0.997514376,,,,,,,,,
23995,10.71,,0.999065421,0.997514376,,,,,,,,,
24011,10.71,,0.999065421,0.997514376,,,,,,,,,
24111,10.71,,0.999065421,0.997514376,,,,,,,,,
24145,10.71,,0.999065421,0.997514376,,,,,,,,,
24261,10.71,,0.999065421,0.997514376,,,,,,,,,
24278,10.71,,0.999065421,0.997514376,,,,,,,,,
24295,10.71,,0.999065421,0.997514376,,,,,,,,,
24329,10.71,,0.999065421,0.997514376,,,,,,,,,
24395,10.71,,0.999065421,0.997514376,,,,,,,,,
24427,10.71,,0.999065421,0.997514376,,,,,,,,,
24878,10.71,,0.999065421,0.997514376,,,,,,,,,
24928,10.71,,0.999065421,0.997514376,,,,,,,,,
25062,10.71,,0.999065421,0.997514376,,,,,,,,,
25078,10.71,,0.999065421,0.997514376,,,,,,,,,
25178,10.71,,0.999065421,0.997514376,,,,,,,,,
25228,10.71,,0.999065421,0.997514376,,,,,,,,,
25245,10.71,,0.999065421,0.997514376,,,,,,,,,
25328,10.71,,0.999065421,0.997514376,,,,,,,,,
25345,10.71,,0.999065421,0.997514376,,,,,,,,,
25362,10.71,,0.999065421,0.997514376,,,,,,,,,
25461,10.71,,0.999065421,0.997514376,,,,,,,,,
25477,10.71,,0.999065421,0.997514376,,,,,,,,,
25528,10.71,,0.999065421,0.997514376,,,,,,,,,
25546,10.71,,0.999065421,0.997514376,,,,,,,,,
25696,10.71,,0.999065421,0.997514376,,,,,,,,,
25928,10.71,,0.999065421,0.997514376,,,,,,,,,
25946,10.71,,0.999065421,0.997514376,,,,,,,,,
25962,10.71,,0.999065421,0.997514376,,,,,,,,,
25978,10.71,,0.999065421,0.997514376,,,,,,,,,
25996,10.71,,0.999065421,0.997514376,,,,,,,,,
26078,10.71,,0.999065421,0.997514376,,,,,,,,,
26112,10.71,,0.999065421,0.997514376,,,,,,,,,
26245,10.71,,0.999065421,0.997514376,,,,,,,,,
26411,10.71,,0.999065421,0.997514376,,,,,,,,,
26462,10.71,,0.999065421,0.997514376,,,,,,,,,
26545,10.71,,0.999065421,0.997514376,,,,,,,,,
26562,10.71,,0.999065421,0.997514376,,,,,,,,,
26711,10.71,,0.999065421,0.997514376,,,,,,,,,
26728,10.71,,0.999065421,0.997514376,,,,,,,,,
26744,10.71,,0.999065421,0.997514376,,,,,,,,,
26844,10.71,,0.999065421,0.997514376,,,,,,,,,
26895,10.71,,0.999065421,0.997514376,,,,,,,,,
26995,10.71,,0.999065421,0.997514376,,,,,,,,,
27011,10.71,,0.999065421,0.997514376,,,,,,,,,
27045,10.71,,0.999065421,0.997514376,,,,,,,,,
27062,10.71,,0.999065421,0.997514376,,,,,,,,,
27146,10.71,,0.999065421,0.997514376,,,,,,,,,
27161,10.71,,0.999065421,0.997514376,,,,,,,,,
27178,10.71,,0.999065421,0.997514376,,,,,,,,,
27195,10.71,,0.999065421,0.997514376,,,,,,,,,
27211,10.71,,0.999065421,0.997514376,,,,,,,,,
27295,10.71,,0.999065421,0.997514376,,,,,,,,,
27311,10.71,,0.999065421,0.997514376,,,,,,,,,
27328,10.71,,0.999065421,0.997514376,,,,,,,,,
27379,10.71,,0.999065421,0.997514376,,,,,,,,,
27446,10.71,,0.999065421,0.997514376,,,,,,,,,
27463,10.71,,0.999065421,0.997514376,,,,,,,,,
27495,10.71,,0.999065421,0.997514376,,,,,,,,,
27528,10.71,,0.999065421,0.997514376,,,,,,,,,
27613,10.71,,0.999065421,0.997514376,,,,,,,,,
27628,10.71,,0.999065421,0.997514376,,,,,,,,,
27645,10.71,,0.999065421,0.997514376,,,,,,,,,
27662,10.71,,0.999065421,0.997514376,,,,,,,,,
27679,10.71,,0.999065421,0.997514376,,,,,,,,,
27762,10.71,,0.999065421,0.997514376,,,,,,,,,
27778,10.71,,0.999065421,0.997514376,,,,,,,,,
27795,10.71,,0.999065421,0.997514376,,,,,,,,,
27812,10.71,,0.999065421,0.997514376,,,,,,,,,
27828,10.71,,0.999065421,0.997514376,,,,,,,,,
27929,10.71,,0.999065421,0.997514376,,,,,,,,,
27961,10.71,,0.999065421,0.997514376,,,,,,,,,
27978,10.71,,0.999065421,0.997514376,,,,,,,,,
28061,10.71,,0.999065421,0.997514376,,,,,,,,,
28079,10.71,,0.999065421,0.997514376,,,,,,,,,
28095,10.71,,0.999065421,0.997514376,,,,,,,,,
28128,10.71,,0.999065421,0.997514376,,,,,,,,,
28278,10.71,,0.999065421,0.997514376,,,,,,,,,
28363,10.71,,0.999065421,0.997514376,,,,,,,,,
28378,10.71,,0.999065421,0.997514376,,,,,,,,,
28396,10.71,,0.999065421,0.997514376,,,,,,,,,
28429,10.71,,0.999065421,0.997514376,,,,,,,,,
28512,10.71,,0.999065421,0.997514376,,,,,,,,,
28528,10.71,,0.999065421,0.997514376,,,,,,,,,
28561,10.71,,0.999065421,0.997514376,,,,,,,,,
28579,10.71,,0.999065421,0.997514376,,,,,,,,,
28595,10.71,,0.999065421,0.997514376,,,,,,,,,
28662,10.71,,0.999065421,0.997514376,,,,,,,,,
28679,10.71,,0.999065421,0.997514376,,,,,,,,,
28695,10.71,,0.999065421,0.997514376,,,,,,,,,
28812,10.71,,0.999065421,0.997514376,,,,,,,,,
28845,10.71,,0.999065421,0.997514376,,,,,,,,,
28861,10.71,,0.999065421,0.997514376,,,,,,,,,
28978,10.71,,0.999065421,0.997514376,,,,,,,,,
28996,10.71,,0.999065421,0.997514376,,,,,,,,,
29012,10.71,,0.999065421,0.997514376,,,,,,,,,
29028,10.71,,0.999065421,0.997514376,,,,,,,,,
29146,10.71,,0.999065421,0.997514376,,,,,,,,,
29162,10.71,,0.999065421,0.997514376,,,,,,,,,
29178,10.71,,0.999065421,0.997514376,,,,,,,,,
29195,10.71,,0.999065421,0.997514376,,,,,,,,,
29329,10.71,,0.999065421,0.997514376,,,,,,,,,
29429,10.71,,0.999065421,0.997514376,,,,,,,,,
29445,10.71,,0.999065421,0.997514376,,,,,,,,,
29462,10.71,,0.999065421,0.997514376,,,,,,,,,
29479,10.71,,0.999065421,0.997514376,,,,,,,,,
29579,10.71,,0.999065421,0.997514376,,,,,,,,,
29612,10.71,,0.999065421,0.997514376,,,,,,,,,
29879,10.71,,0.999065421,0.997514376,,,,,,,,,
29928,10.71,,0.999065421,0.997514376,,,,,,,,,
30062,10.71,,0.999065421,0.997514376,,,,,,,,,
30079,10.71,,0.999065421,0.997514376,,,,,,,,,
30262,10.71,,0.999065421,0.997514376,,,,,,,,,
30362,10.71,,0.999065421,0.997514376,,,,,,,,,
30412,10.71,,0.999065421,0.997514376,,,,,,,,,
30495,10.71,,0.999065421,0.997514376,,,,,,,,,
30528,10.71,,0.999065421,0.997514376,,,,,,,,,
30546,10.71,,0.999065421,0.997514376,,,,,,,,,
30562,10.71,,0.999065421,0.997514376,,,,,,,,,
30645,10.71,,0.999065421,0.997514376,,,,,,,,,
30712,10.71,,0.999065421,0.997514376,,,,,,,,,
30995,10.71,,0.999065421,0.997514376,,,,,,,,,
31011,10.71,,0.999065421,0.997514376,,,,,,,,,
31029,10.71,,0.999065421,0.997514376,,,,,,,,,
31129,10.71,,0.999065421,0.997514376,,,,,,,,,
31179,10.71,,0.999065421,0.997514376,,,,,,,,,
31296,10.71,,0.999065421,0.997514376,,,,,,,,,
31463,10.71,,0.999065421,0.997514376,,,,,,,,,
31595,10.71,,0.999065421,0.997514376,,,,,,,,,
31628,10.71,,0.999065421,0.997514376,,,,,,,,,
31729,10.71,,0.999065421,0.997514376,,,,,,,,,
31747,10.71,,0.999065421,0.997514376,,,,,,,,,
31879,10.71,,0.999065421,0.997514376,,,,,,,,,
31895,10.71,,0.999065421,0.997514376,,,,,,,,,
31929,10.71,,0.999065421,0.997514376,,,,,,,,,
32029,10.71,,0.999065421,0.997514376,,,,,,,,,
32046,10.71,,0.999065421,0.997514376,,,,,,,,,
32096,10.71,,0.999065421,0.997514376,,,,,,,,,
32178,10.71,,0.999065421,0.997514376,,,,,,,,,
32194,10.71,,0.999065421,0.997514376,,,,,,,,,
32245,10.71,,0.999065421,0.997514376,,,,,,,,,
32363,10.71,,0.999065421,0.997514376,,,,,,,,,
32380,10.71,,0.999065421,0.997514376,,,,,,,,,
32396,10.71,,0.999065421,0.997514376,,,,,,,,,
32512,10.71,,0.999065421,0.997514376,,,,,,,,,
32528,10.71,,0.999065421,0.997514376,,,,,,,,,
32712,10.71,,0.999065421,0.997514376,,,,,,,,,
32796,10.71,,0.999065421,0.997514376,,,,,,,,,
32946,10.71,,0.999065421,0.997514376,,,,,,,,,
32979,10.71,,0.999065421,0.997514376,,,,,,,,,
33012,10.71,,0.999065421,0.997514376,,,,,,,,,
33078,10.71,,0.999065421,0.997514376,,,,,,,,,
33112,10.71,,0.999065421,0.997514376,,,,,,,,,
33145,10.71,,0.999065421,0.997514376,,,,,,,,,
33245,10.71,,0.999065421,0.997514376,,,,,,,,,
33278,10.71,,0.999065421,0.997514376,,,,,,,,,
33296,10.71,,0.999065421,0.997514376,,,,,,,,,
33312,10.71,,0.999065421,0.997514376,,,,,,,,,
33396,10.71,,0.999065421,0.997514376,,,,,,,,,
33412,10.71,,0.999065421,0.997514376,,,,,,,,,
33429,10.71,,0.999065421,0.997514376,,,,,,,,,
33446,10.71,,0.999065421,0.997514376,,,,,,,,,
33463,10.71,,0.999065421,0.997514376,,,,,,,,,
33762,10.71,,0.999065421,0.997514376,,,,,,,,,
33847,10.71,,0.999065421,0.997514376,,,,,,,,,
33913,10.71,,0.999065421,0.997514376,,,,,,,,,
33929,10.71,,0.999065421,0.997514376,,,,,,,,,
34062,10.71,,0.999065421,0.997514376,,,,,,,,,
34162,10.71,,0.999065421,0.997514376,,,,,,,,,
34179,10.71,,0.999065421,0.997514376,,,,,,,,,
34196,10.71,,0.999065421,0.997514376,,,,,,,,,
34229,10.71,,0.999065421,0.997514376,,,,,,,,,
34379,10.71,,0.999065421,0.997514376,,,,,,,,,
34463,10.71,,0.999065421,0.997514376,,,,,,,,,
34496,10.71,,0.999065421,0.997514376,,,,,,,,,
34512,10.71,,0.999065421,0.997514376,,,,,,,,,
34813,10.71,,0.999065421,0.997514376,,,,,,,,,
34829,10.71,,0.999065421,0.997514376,,,,,,,,,
34929,10.71,,0.999065421,0.997514376,,,,,,,,,
35078,10.71,,0.999065421,0.997514376,,,,,,,,,
35096,10.71,,0.999065421,0.997514376,,,,,,,,,
35130,10.71,,0.999065421,0.997514376,,,,,,,,,
35212,10.71,,0.999065421,0.997514376,,,,,,,,,
35228,10.71,,0.999065421,0.997514376,,,,,,,,,
35263,10.71,,0.999065421,0.997514376,,,,,,,,,
35396,10.71,,0.999065421,0.997514376,,,,,,,,,
35413,10.71,,0.999065421,0.997514376,,,,,,,,,
35429,10.71,,0.999065421,0.997514376,,,,,,,,,
35563,10.71,,0.999065421,0.997514376,,,,,,,,,
35579,10.71,,0.999065421,0.997514376,,,,,,,,,
35595,10.71,,0.999065421,0.997514376,,,,,,,,,
35712,10.71,,0.999065421,0.997514376,,,,,,,,,
35729,10.71,,0.999065421,0.997514376,,,,,,,,,
35829,10.71,,0.999065421,0.997514376,,,,,,,,,
35846,10.71,,0.999065421,0.997514376,,,,,,,,,
35862,10.71,,0.999065421,0.997514376,,,,,,,,,
35880,10.71,,0.999065421,0.997514376,,,,,,,,,
35913,10.71,,0.999065421,0.997514376,,,,,,,,,
35980,10.71,,0.999065421,0.997514376,,,,,,,,,
35996,10.71,,0.999065421,0.997514376,,,,,,,,,
36046,10.71,,0.999065421,0.997514376,,,,,,,,,
36062,10.71,,0.999065421,0.997514376,,,,,,,,,
36129,10.71,,0.999065421,0.997514376,,,,,,,,,
36146,10.71,,0.999065421,0.997514376,,,,,,,,,
36162,10.71,,0.999065421,0.997514376,,,,,,,,,
36279,10.71,,0.999065421,0.997514376,,,,,,,,,
36295,10.71,,0.999065421,0.997514376,,,,,,,,,
36445,10.71,,0.999065421,0.997514376,,,,,,,,,
36463,10.71,,0.999065421,0.997514376,,,,,,,,,
36597,10.71,,0.999065421,0.997514376,,,,,,,,,
36630,10.71,,0.999065421,0.997514376,,,,,,,,,
36646,10.71,,0.999065421,0.997514376,,,,,,,,,
36746,10.71,,0.999065421,0.997514376,,,,,,,,,
36762,10.71,,0.999065421,0.997514376,,,,,,,,,
36896,10.71,,0.999065421,0.997514376,,,,,,,,,
36929,10.71,,0.999065421,0.997514376,,,,,,,,,
36946,10.71,,0.999065421,0.997514376,,,,,,,,,
36962,10.71,,0.999065421,0.997514376,,,,,,,,,
37113,10.71,,0.999065421,0.997514376,,,,,,,,,
37197,10.71,,0.999065421,0.997514376,,,,,,,,,
37212,10.71,,0.999065421,0.997514376,,,,,,,,,
37229,10.71,,0.999065421,0.997514376,,,,,,,,,
37246,10.71,,0.999065421,0.997514376,,,,,,,,,
37279,10.71,,0.999065421,0.997514376,,,,,,,,,
37345,10.71,,0.999065421,0.997514376,,,,,,,,,
37362,10.71,,0.999065421,0.997514376,,,,,,,,,
37379,10.71,,0.999065421,0.997514376,,,,,,,,,
37395,10.71,,0.999065421,0.997514376,,,,,,,,,
37413,10.71,,0.999065421,0.997514376,,,,,,,,,
37429,10.71,,0.999065421,0.997514376,,,,,,,,,
37529,10.71,,0.999065421,0.997514376,,,,,,,,,
37563,10.71,,0.999065421,0.997514376,,,,,,,,,
37579,10.71,,0.999065421,0.997514376,,,,,,,,,
37662,10.71,,0.999065421,0.997514376,,,,,,,,,
37679,10.71,,0.999065421,0.997514376,,,,,,,,,
37696,10.71,,0.999065421,0.997514376,,,,,,,,,
37995,10.71,,0.999065421,0.997514376,,,,,,,,,
38046,10.71,,0.999065421,0.997514376,,,,,,,,,
38113,10.71,,0.999065421,0.997514376,,,,,,,,,
38130,10.71,,0.999065421,0.997514376,,,,,,,,,
38162,10.71,,0.999065421,0.997514376,,,,,,,,,
38179,10.71,,0.999065421,0.997514376,,,,,,,,,
38195,10.71,,0.999065421,0.997514376,,,,,,,,,
38278,10.71,,0.999065421,0.997514376,,,,,,,,,
38447,10.71,,0.999065421,0.997514376,,,,,,,,,
38579,10.71,,0.999065421,0.997514376,,,,,,,,,
38629,10.71,,0.999065421,0.997514376,,,,,,,,,
38879,10.71,,0.999065421,0.997514376,,,,,,,,,
38896,10.71,,0.999065421,0.997514376,,,,,,,,,
39080,10.71,,0.999065421,0.997514376,,,,,,,,,
39113,10.71,,0.999065421,0.997514376,,,,,,,,,
39213,10.71,,0.999065421,0.997514376,,,,,,,,,
39495,10.71,,0.999065421,0.997514376,,,,,,,,,
39663,10.71,,0.999065421,0.997514376,,,,,,,,,
39679,10.71,,0.999065421,0.997514376,,,,,,,,,
39695,10.71,,0.999065421,0.997514376,,,,,,,,,
39796,10.71,,0.999065421,0.997514376,,,,,,,,,
39812,10.71,,0.999065421,0.997514376,,,,,,,,,
39830,10.71,,0.999065421,0.997514376,,,,,,,,,
39946,10.71,,0.999065421,0.997514376,,,,,,,,,
40013,10.71,,0.999065421,0.997514376,,,,,,,,,
40163,10.71,,0.999065421,0.997514376,,,,,,,,,
40179,10.71,,0.999065421,0.997514376,,,,,,,,,
40247,10.71,,0.999065421,0.997514376,,,,,,,,,
40464,10.71,,0.999065421,0.997514376,,,,,,,,,
40480,10.71,,0.999065421,0.997514376,,,,,,,,,
40546,10.71,,0.999065421,0.997514376,,,,,,,,,
40579,10.71,,0.999065421,0.997514376,,,,,,,,,
40596,10.71,,0.999065421,0.997514376,,,,,,,,,
40612,10.71,,0.999065421,0.997514376,,,,,,,,,
40630,10.71,,0.999065421,0.997514376,,,,,,,,,
40730,10.71,,0.999065421,0.997514376,,,,,,,,,
40746,10.71,,0.999065421,0.997514376,,,,,,,,,
40863,10.71,,0.999065421,0.997514376,,,,,,,,,
40912,10.71,,0.999065421,0.997514376,,,,,,,,,
40929,10.71,,0.999065421,0.997514376,,,,,,,,,
41013,10.71,,0.999065421,0.997514376,,,,,,,,,
41046,10.71,,0.999065421,0.997514376,,,,,,,,,
41163,10.71,,0.999065421,0.997514376,,,,,,,,,
41180,10.71,,0.999065421,0.997514376,,,,,,,,,
41479,10.71,,0.999065421,0.997514376,,,,,,,,,
41497,10.71,,0.999065421,0.997514376,,,,,,,,,
41513,10.71,,0.999065421,0.997514376,,,,,,,,,
41529,10.71,,0.999065421,0.997514376,,,,,,,,,
41546,10.71,,0.999065421,0.997514376,,,,,,,,,
41630,10.71,,0.999065421,0.997514376,,,,,,,,,
41662,10.71,,0.999065421,0.997514376,,,,,,,,,
41681,10.71,,0.999065421,0.997514376,,,,,,,,,
41696,10.71,,0.999065421,0.997514376,,,,,,,,,
41779,10.71,,0.999065421,0.997514376,,,,,,,,,
41796,10.71,,0.999065421,0.997514376,,,,,,,,,
41812,10.71,,0.999065421,0.997514376,,,,,,,,,
41830,10.71,,0.999065421,0.997514376,,,,,,,,,
41946,10.71,,0.999065421,0.997514376,,,,,,,,,
41962,10.71,,0.999065421,0.997514376,,,,,,,,,
41979,10.71,,0.999065421,0.997514376,,,,,,,,,
41997,10.71,,0.999065421,0.997514376,,,,,,,,,
42097,10.71,,0.999065421,0.997514376,,,,,,,,,
42147,10.71,,0.999065421,0.997514376,,,,,,,,,
42263,10.71,,0.999065421,0.997514376,,,,,,,,,
42279,10.71,,0.999065421,0.997514376,,,,,,,,,
42297,10.71,,0.999065421,0.997514376,,,,,,,,,
42313,10.71,,0.999065421,0.997514376,,,,,,,,,
42380,10.71,,0.999065421,0.997514376,,,,,,,,,
42563,10.71,,0.999065421,0.997514376,,,,,,,,,
42729,10.71,,0.999065421,0.997514376,,,,,,,,,
42896,10.71,,0.999065421,0.997514376,,,,,,,,,
43480,10.71,,0.999065421,0.997514376,,,,,,,,,
43496,10.71,,0.999065421,0.997514376,,,,,,,,,
43513,10.71,,0.999065421,0.997514376,,,,,,,,,
43529,10.71,,0.999065421,0.997514376,,,,,,,,,
43746,10.71,,0.999065421,0.997514376,,,,,,,,,
43796,10.71,,0.999065421,0.997514376,,,,,,,,,
43813,10.71,,0.999065421,0.997514376,,,,,,,,,
43980,10.71,,0.999065421,0.997514376,,,,,,,,,
44063,10.71,,0.999065421,0.997514376,,,,,,,,,
44080,10.71,,0.999065421,0.997514376,,,,,,,,,
44097,10.71,,0.999065421,0.997514376,,,,,,,,,
44113,10.71,,0.999065421,0.997514376,,,,,,,,,
44130,10.71,,0.999065421,0.997514376,,,,,,,,,
44213,10.71,,0.999065421,0.997514376,,,,,,,,,
44229,10.71,,0.999065421,0.997514376,,,,,,,,,
44247,10.71,,0.999065421,0.997514376,,,,,,,,,
44363,10.71,,0.999065421,0.997514376,,,,,,,,,
44664,10.71,,0.999065421,0.997514376,,,,,,,,,
44680,10.71,,0.999065421,0.997514376,,,,,,,,,
44697,10.71,,0.999065421,0.997514376,,,,,,,,,
44713,10.71,,0.999065421,0.997514376,,,,,,,,,
44730,10.71,,0.999065421,0.997514376,,,,,,,,,
44746,10.71,,0.999065421,0.997514376,,,,,,,,,
44846,10.71,,0.999065421,0.997514376,,,,,,,,,
44863,10.71,,0.999065421,0.997514376,,,,,,,,,
44880,10.71,,0.999065421,0.997514376,,,,,,,,,
45030,10.71,,0.999065421,0.997514376,,,,,,,,,
45163,10.71,,0.999065421,0.997514376,,,,,,,,,
45180,10.71,,0.999065421,0.997514376,,,,,,,,,
45196,10.71,,0.999065421,0.997514376,,,,,,,,,
45279,10.71,,0.999065421,0.997514376,,,,,,,,,
45630,10.71,,0.999065421,0.997514376,,,,,,,,,
45646,10.71,,0.999065421,0.997514376,,,,,,,,,
45813,10.71,,0.999065421,0.997514376,,,,,,,,,
46230,10.71,,0.999065421,0.997514376,,,,,,,,,
1360,10.75,,0.995327103,0.99876008,,,,,,,,,
1376,10.75,,0.995327103,0.99876008,,,,,,,,,
3076,10.75,,0.995327103,0.99876008,,,,,,,,,
3292,10.75,,0.995327103,0.99876008,,,,,,,,,
3309,10.75,,0.995327103,0.99876008,,,,,,,,,
3325,10.75,,0.995327103,0.99876008,,,,,,,,,
3360,10.75,,0.995327103,0.99876008,,,,,,,,,
3459,10.75,,0.995327103,0.99876008,,,,,,,,,
3493,10.75,,0.995327103,0.99876008,,,,,,,,,
3625,10.75,,0.995327103,0.99876008,,,,,,,,,
3644,10.75,,0.995327103,0.99876008,,,,,,,,,
3660,10.75,,0.995327103,0.99876008,,,,,,,,,
3792,10.75,,0.995327103,0.99876008,,,,,,,,,
3860,10.75,,0.995327103,0.99876008,,,,,,,,,
3927,10.75,,0.995327103,0.99876008,,,,,,,,,
3943,10.75,,0.995327103,0.99876008,,,,,,,,,
4027,10.75,,0.995327103,0.99876008,,,,,,,,,
4075,10.75,,0.995327103,0.99876008,,,,,,,,,
4109,10.75,,0.995327103,0.99876008,,,,,,,,,
4393,10.75,,0.995327103,0.99876008,,,,,,,,,
4409,10.75,,0.995327103,0.99876008,,,,,,,,,
4427,10.75,,0.995327103,0.99876008,,,,,,,,,
4460,10.75,,0.995327103,0.99876008,,,,,,,,,
4494,10.75,,0.995327103,0.99876008,,,,,,,,,
4561,10.75,,0.995327103,0.99876008,,,,,,,,,
4659,10.75,,0.995327103,0.99876008,,,,,,,,,
4676,10.75,,0.995327103,0.99876008,,,,,,,,,
4827,10.75,,0.995327103,0.99876008,,,,,,,,,
4892,10.75,,0.995327103,0.99876008,,,,,,,,,
4925,10.75,,0.995327103,0.99876008,,,,,,,,,
4961,10.75,,0.995327103,0.99876008,,,,,,,,,
5010,10.75,,0.995327103,0.99876008,,,,,,,,,
5027,10.75,,0.995327103,0.99876008,,,,,,,,,
5126,10.75,,0.995327103,0.99876008,,,,,,,,,
5144,10.75,,0.995327103,0.99876008,,,,,,,,,
5176,10.75,,0.995327103,0.99876008,,,,,,,,,
5227,10.75,,0.995327103,0.99876008,,,,,,,,,
5292,10.75,,0.995327103,0.99876008,,,,,,,,,
5361,10.75,,0.995327103,0.99876008,,,,,,,,,
5443,10.75,,0.995327103,0.99876008,,,,,,,,,
5460,10.75,,0.995327103,0.99876008,,,,,,,,,
5476,10.75,,0.995327103,0.99876008,,,,,,,,,
5493,10.75,,0.995327103,0.99876008,,,,,,,,,
5593,10.75,,0.995327103,0.99876008,,,,,,,,,
5609,10.75,,0.995327103,0.99876008,,,,,,,,,
5626,10.75,,0.995327103,0.99876008,,,,,,,,,
5642,10.75,,0.995327103,0.99876008,,,,,,,,,
5743,10.75,,0.995327103,0.99876008,,,,,,,,,
5760,10.75,,0.995327103,0.99876008,,,,,,,,,
5776,10.75,,0.995327103,0.99876008,,,,,,,,,
5793,10.75,,0.995327103,0.99876008,,,,,,,,,
5892,10.75,,0.995327103,0.99876008,,,,,,,,,
5909,10.75,,0.995327103,0.99876008,,,,,,,,,
5943,10.75,,0.995327103,0.99876008,,,,,,,,,
6060,10.75,,0.995327103,0.99876008,,,,,,,,,
6077,10.75,,0.995327103,0.99876008,,,,,,,,,
6093,10.75,,0.995327103,0.99876008,,,,,,,,,
6126,10.75,,0.995327103,0.99876008,,,,,,,,,
6209,10.75,,0.995327103,0.99876008,,,,,,,,,
6227,10.75,,0.995327103,0.99876008,,,,,,,,,
6243,10.75,,0.995327103,0.99876008,,,,,,,,,
6360,10.75,,0.995327103,0.99876008,,,,,,,,,
6377,10.75,,0.995327103,0.99876008,,,,,,,,,
6392,10.75,,0.995327103,0.99876008,,,,,,,,,
6509,10.75,,0.995327103,0.99876008,,,,,,,,,
6526,10.75,,0.995327103,0.99876008,,,,,,,,,
6543,10.75,,0.995327103,0.99876008,,,,,,,,,
6561,10.75,,0.995327103,0.99876008,,,,,,,,,
6659,10.75,,0.995327103,0.99876008,,,,,,,,,
6693,10.75,,0.995327103,0.99876008,,,,,,,,,
6709,10.75,,0.995327103,0.99876008,,,,,,,,,
6810,10.75,,0.995327103,0.99876008,,,,,,,,,
6827,10.75,,0.995327103,0.99876008,,,,,,,,,
6845,10.75,,0.995327103,0.99876008,,,,,,,,,
6860,10.75,,0.995327103,0.99876008,,,,,,,,,
6959,10.75,,0.995327103,0.99876008,,,,,,,,,
6977,10.75,,0.995327103,0.99876008,,,,,,,,,
6993,10.75,,0.995327103,0.99876008,,,,,,,,,
7010,10.75,,0.995327103,0.99876008,,,,,,,,,
7127,10.75,,0.995327103,0.99876008,,,,,,,,,
7144,10.75,,0.995327103,0.99876008,,,,,,,,,
7276,10.75,,0.995327103,0.99876008,,,,,,,,,
7293,10.75,,0.995327103,0.99876008,,,,,,,,,
7310,10.75,,0.995327103,0.99876008,,,,,,,,,
7326,10.75,,0.995327103,0.99876008,,,,,,,,,
7426,10.75,,0.995327103,0.99876008,,,,,,,,,
7444,10.75,,0.995327103,0.99876008,,,,,,,,,
7477,10.75,,0.995327103,0.99876008,,,,,,,,,
7494,10.75,,0.995327103,0.99876008,,,,,,,,,
7563,10.75,,0.995327103,0.99876008,,,,,,,,,
7593,10.75,,0.995327103,0.99876008,,,,,,,,,
7777,10.75,,0.995327103,0.99876008,,,,,,,,,
7826,10.75,,0.995327103,0.99876008,,,,,,,,,
7860,10.75,,0.995327103,0.99876008,,,,,,,,,
7877,10.75,,0.995327103,0.99876008,,,,,,,,,
7910,10.75,,0.995327103,0.99876008,,,,,,,,,
7926,10.75,,0.995327103,0.99876008,,,,,,,,,
7943,10.75,,0.995327103,0.99876008,,,,,,,,,
8043,10.75,,0.995327103,0.99876008,,,,,,,,,
8059,10.75,,0.995327103,0.99876008,,,,,,,,,
8076,10.75,,0.995327103,0.99876008,,,,,,,,,
8194,10.75,,0.995327103,0.99876008,,,,,,,,,
8211,10.75,,0.995327103,0.99876008,,,,,,,,,
8226,10.75,,0.995327103,0.99876008,,,,,,,,,
8343,10.75,,0.995327103,0.99876008,,,,,,,,,
8360,10.75,,0.995327103,0.99876008,,,,,,,,,
8376,10.75,,0.995327103,0.99876008,,,,,,,,,
8476,10.75,,0.995327103,0.99876008,,,,,,,,,
8494,10.75,,0.995327103,0.99876008,,,,,,,,,
8510,10.75,,0.995327103,0.99876008,,,,,,,,,
8643,10.75,,0.995327103,0.99876008,,,,,,,,,
8677,10.75,,0.995327103,0.99876008,,,,,,,,,
8810,10.75,,0.995327103,0.99876008,,,,,,,,,
9043,10.75,,0.995327103,0.99876008,,,,,,,,,
9093,10.75,,0.995327103,0.99876008,,,,,,,,,
9109,10.75,,0.995327103,0.99876008,,,,,,,,,
9144,10.75,,0.995327103,0.99876008,,,,,,,,,
9277,10.75,,0.995327103,0.99876008,,,,,,,,,
9360,10.75,,0.995327103,0.99876008,,,,,,,,,
9376,10.75,,0.995327103,0.99876008,,,,,,,,,
9394,10.75,,0.995327103,0.99876008,,,,,,,,,
9410,10.75,,0.995327103,0.99876008,,,,,,,,,
9477,10.75,,0.995327103,0.99876008,,,,,,,,,
9560,10.75,,0.995327103,0.99876008,,,,,,,,,
9593,10.75,,0.995327103,0.99876008,,,,,,,,,
9660,10.75,,0.995327103,0.99876008,,,,,,,,,
9677,10.75,,0.995327103,0.99876008,,,,,,,,,
9760,10.75,,0.995327103,0.99876008,,,,,,,,,
9810,10.75,,0.995327103,0.99876008,,,,,,,,,
9843,10.75,,0.995327103,0.99876008,,,,,,,,,
9860,10.75,,0.995327103,0.99876008,,,,,,,,,
9877,10.75,,0.995327103,0.99876008,,,,,,,,,
9894,10.75,,0.995327103,0.99876008,,,,,,,,,
9910,10.75,,0.995327103,0.99876008,,,,,,,,,
10160,10.75,,0.995327103,0.99876008,,,,,,,,,
10176,10.75,,0.995327103,0.99876008,,,,,,,,,
10209,10.75,,0.995327103,0.99876008,,,,,,,,,
10227,10.75,,0.995327103,0.99876008,,,,,,,,,
10327,10.75,,0.995327103,0.99876008,,,,,,,,,
10377,10.75,,0.995327103,0.99876008,,,,,,,,,
10459,10.75,,0.995327103,0.99876008,,,,,,,,,
10476,10.75,,0.995327103,0.99876008,,,,,,,,,
10493,10.75,,0.995327103,0.99876008,,,,,,,,,
10510,10.75,,0.995327103,0.99876008,,,,,,,,,
10644,10.75,,0.995327103,0.99876008,,,,,,,,,
10677,10.75,,0.995327103,0.99876008,,,,,,,,,
10693,10.75,,0.995327103,0.99876008,,,,,,,,,
10794,10.75,,0.995327103,0.99876008,,,,,,,,,
11094,10.75,,0.995327103,0.99876008,,,,,,,,,
11227,10.75,,0.995327103,0.99876008,,,,,,,,,
11243,10.75,,0.995327103,0.99876008,,,,,,,,,
11344,10.75,,0.995327103,0.99876008,,,,,,,,,
11410,10.75,,0.995327103,0.99876008,,,,,,,,,
11444,10.75,,0.995327103,0.99876008,,,,,,,,,
11461,10.75,,0.995327103,0.99876008,,,,,,,,,
11510,10.75,,0.995327103,0.99876008,,,,,,,,,
11610,10.75,,0.995327103,0.99876008,,,,,,,,,
11727,10.75,,0.995327103,0.99876008,,,,,,,,,
11743,10.75,,0.995327103,0.99876008,,,,,,,,,
11843,10.75,,0.995327103,0.99876008,,,,,,,,,
11859,10.75,,0.995327103,0.99876008,,,,,,,,,
11877,10.75,,0.995327103,0.99876008,,,,,,,,,
11945,10.75,,0.995327103,0.99876008,,,,,,,,,
11993,10.75,,0.995327103,0.99876008,,,,,,,,,
12044,10.75,,0.995327103,0.99876008,,,,,,,,,
12111,10.75,,0.995327103,0.99876008,,,,,,,,,
12127,10.75,,0.995327103,0.99876008,,,,,,,,,
12327,10.75,,0.995327103,0.99876008,,,,,,,,,
12477,10.75,,0.995327103,0.99876008,,,,,,,,,
12528,10.75,,0.995327103,0.99876008,,,,,,,,,
12610,10.75,,0.995327103,0.99876008,,,,,,,,,
12777,10.75,,0.995327103,0.99876008,,,,,,,,,
12877,10.75,,0.995327103,0.99876008,,,,,,,,,
12910,10.75,,0.995327103,0.99876008,,,,,,,,,
12943,10.75,,0.995327103,0.99876008,,,,,,,,,
12960,10.75,,0.995327103,0.99876008,,,,,,,,,
13078,10.75,,0.995327103,0.99876008,,,,,,,,,
13093,10.75,,0.995327103,0.99876008,,,,,,,,,
13110,10.75,,0.995327103,0.99876008,,,,,,,,,
13211,10.75,,0.995327103,0.99876008,,,,,,,,,
13227,10.75,,0.995327103,0.99876008,,,,,,,,,
13244,10.75,,0.995327103,0.99876008,,,,,,,,,
13261,10.75,,0.995327103,0.99876008,,,,,,,,,
13310,10.75,,0.995327103,0.99876008,,,,,,,,,
13343,10.75,,0.995327103,0.99876008,,,,,,,,,
13478,10.75,,0.995327103,0.99876008,,,,,,,,,
13495,10.75,,0.995327103,0.99876008,,,,,,,,,
13527,10.75,,0.995327103,0.99876008,,,,,,,,,
13710,10.75,,0.995327103,0.99876008,,,,,,,,,
13727,10.75,,0.995327103,0.99876008,,,,,,,,,
13860,10.75,,0.995327103,0.99876008,,,,,,,,,
14010,10.75,,0.995327103,0.99876008,,,,,,,,,
14127,10.75,,0.995327103,0.99876008,,,,,,,,,
14177,10.75,,0.995327103,0.99876008,,,,,,,,,
14227,10.75,,0.995327103,0.99876008,,,,,,,,,
14244,10.75,,0.995327103,0.99876008,,,,,,,,,
14278,10.75,,0.995327103,0.99876008,,,,,,,,,
14311,10.75,,0.995327103,0.99876008,,,,,,,,,
14327,10.75,,0.995327103,0.99876008,,,,,,,,,
14345,10.75,,0.995327103,0.99876008,,,,,,,,,
14427,10.75,,0.995327103,0.99876008,,,,,,,,,
14461,10.75,,0.995327103,0.99876008,,,,,,,,,
14561,10.75,,0.995327103,0.99876008,,,,,,,,,
14594,10.75,,0.995327103,0.99876008,,,,,,,,,
14610,10.75,,0.995327103,0.99876008,,,,,,,,,
14778,10.75,,0.995327103,0.99876008,,,,,,,,,
14994,10.75,,0.995327103,0.99876008,,,,,,,,,
15261,10.75,,0.995327103,0.99876008,,,,,,,,,
15344,10.75,,0.995327103,0.99876008,,,,,,,,,
15360,10.75,,0.995327103,0.99876008,,,,,,,,,
15527,10.75,,0.995327103,0.99876008,,,,,,,,,
15561,10.75,,0.995327103,0.99876008,,,,,,,,,
15677,10.75,,0.995327103,0.99876008,,,,,,,,,
15911,10.75,,0.995327103,0.99876008,,,,,,,,,
16044,10.75,,0.995327103,0.99876008,,,,,,,,,
16126,10.75,,0.995327103,0.99876008,,,,,,,,,
16143,10.75,,0.995327103,0.99876008,,,,,,,,,
16160,10.75,,0.995327103,0.99876008,,,,,,,,,
16276,10.75,,0.995327103,0.99876008,,,,,,,,,
16294,10.75,,0.995327103,0.99876008,,,,,,,,,
16311,10.75,,0.995327103,0.99876008,,,,,,,,,
16328,10.75,,0.995327103,0.99876008,,,,,,,,,
16461,10.75,,0.995327103,0.99876008,,,,,,,,,
16610,10.75,,0.995327103,0.99876008,,,,,,,,,
16644,10.75,,0.995327103,0.99876008,,,,,,,,,
16660,10.75,,0.995327103,0.99876008,,,,,,,,,
16744,10.75,,0.995327103,0.99876008,,,,,,,,,
16778,10.75,,0.995327103,0.99876008,,,,,,,,,
16812,10.75,,0.995327103,0.99876008,,,,,,,,,
16977,10.75,,0.995327103,0.99876008,,,,,,,,,
17111,10.75,,0.995327103,0.99876008,,,,,,,,,
17128,10.75,,0.995327103,0.99876008,,,,,,,,,
17144,10.75,,0.995327103,0.99876008,,,,,,,,,
17210,10.75,,0.995327103,0.99876008,,,,,,,,,
17261,10.75,,0.995327103,0.99876008,,,,,,,,,
17294,10.75,,0.995327103,0.99876008,,,,,,,,,
17327,10.75,,0.995327103,0.99876008,,,,,,,,,
17344,10.75,,0.995327103,0.99876008,,,,,,,,,
17361,10.75,,0.995327103,0.99876008,,,,,,,,,
17378,10.75,,0.995327103,0.99876008,,,,,,,,,
17410,10.75,,0.995327103,0.99876008,,,,,,,,,
17560,10.75,,0.995327103,0.99876008,,,,,,,,,
17611,10.75,,0.995327103,0.99876008,,,,,,,,,
17627,10.75,,0.995327103,0.99876008,,,,,,,,,
17745,10.75,,0.995327103,0.99876008,,,,,,,,,
17761,10.75,,0.995327103,0.99876008,,,,,,,,,
18026,10.75,,0.995327103,0.99876008,,,,,,,,,
18077,10.75,,0.995327103,0.99876008,,,,,,,,,
18477,10.75,,0.995327103,0.99876008,,,,,,,,,
18678,10.75,,0.995327103,0.99876008,,,,,,,,,
18694,10.75,,0.995327103,0.99876008,,,,,,,,,
18777,10.75,,0.995327103,0.99876008,,,,,,,,,
18812,10.75,,0.995327103,0.99876008,,,,,,,,,
18828,10.75,,0.995327103,0.99876008,,,,,,,,,
19095,10.75,,0.995327103,0.99876008,,,,,,,,,
19260,10.75,,0.995327103,0.99876008,,,,,,,,,
19762,10.75,,0.995327103,0.99876008,,,,,,,,,
19878,10.75,,0.995327103,0.99876008,,,,,,,,,
20444,10.75,,0.995327103,0.99876008,,,,,,,,,
20895,10.75,,0.995327103,0.99876008,,,,,,,,,
21344,10.75,,0.995327103,0.99876008,,,,,,,,,
21361,10.75,,0.995327103,0.99876008,,,,,,,,,
22111,10.75,,0.995327103,0.99876008,,,,,,,,,
22162,10.75,,0.995327103,0.99876008,,,,,,,,,
22495,10.75,,0.995327103,0.99876008,,,,,,,,,
23262,10.75,,0.995327103,0.99876008,,,,,,,,,
24029,10.75,,0.995327103,0.99876008,,,,,,,,,
24311,10.75,,0.995327103,0.99876008,,,,,,,,,
24412,10.75,,0.995327103,0.99876008,,,,,,,,,
24628,10.75,,0.995327103,0.99876008,,,,,,,,,
24862,10.75,,0.995327103,0.99876008,,,,,,,,,
24912,10.75,,0.995327103,0.99876008,,,,,,,,,
25011,10.75,,0.995327103,0.99876008,,,,,,,,,
25028,10.75,,0.995327103,0.99876008,,,,,,,,,
25094,10.75,,0.995327103,0.99876008,,,,,,,,,
25162,10.75,,0.995327103,0.99876008,,,,,,,,,
25311,10.75,,0.995327103,0.99876008,,,,,,,,,
25611,10.75,,0.995327103,0.99876008,,,,,,,,,
26094,10.75,,0.995327103,0.99876008,,,,,,,,,
26162,10.75,,0.995327103,0.99876008,,,,,,,,,
27229,10.75,,0.995327103,0.99876008,,,,,,,,,
27595,10.75,,0.995327103,0.99876008,,,,,,,,,
27745,10.75,,0.995327103,0.99876008,,,,,,,,,
27913,10.75,,0.995327103,0.99876008,,,,,,,,,
27945,10.75,,0.995327103,0.99876008,,,,,,,,,
28111,10.75,,0.995327103,0.99876008,,,,,,,,,
28211,10.75,,0.995327103,0.99876008,,,,,,,,,
28246,10.75,,0.995327103,0.99876008,,,,,,,,,
28262,10.75,,0.995327103,0.99876008,,,,,,,,,
28295,10.75,,0.995327103,0.99876008,,,,,,,,,
28411,10.75,,0.995327103,0.99876008,,,,,,,,,
28446,10.75,,0.995327103,0.99876008,,,,,,,,,
28712,10.75,,0.995327103,0.99876008,,,,,,,,,
28729,10.75,,0.995327103,0.99876008,,,,,,,,,
28745,10.75,,0.995327103,0.99876008,,,,,,,,,
28829,10.75,,0.995327103,0.99876008,,,,,,,,,
28879,10.75,,0.995327103,0.99876008,,,,,,,,,
29129,10.75,,0.995327103,0.99876008,,,,,,,,,
29495,10.75,,0.995327103,0.99876008,,,,,,,,,
29512,10.75,,0.995327103,0.99876008,,,,,,,,,
29912,10.75,,0.995327103,0.99876008,,,,,,,,,
29961,10.75,,0.995327103,0.99876008,,,,,,,,,
30045,10.75,,0.995327103,0.99876008,,,,,,,,,
30211,10.75,,0.995327103,0.99876008,,,,,,,,,
30346,10.75,,0.995327103,0.99876008,,,,,,,,,
30428,10.75,,0.995327103,0.99876008,,,,,,,,,
30578,10.75,,0.995327103,0.99876008,,,,,,,,,
30661,10.75,,0.995327103,0.99876008,,,,,,,,,
30945,10.75,,0.995327103,0.99876008,,,,,,,,,
31112,10.75,,0.995327103,0.99876008,,,,,,,,,
31145,10.75,,0.995327103,0.99876008,,,,,,,,,
31162,10.75,,0.995327103,0.99876008,,,,,,,,,
31312,10.75,,0.995327103,0.99876008,,,,,,,,,
32330,10.75,,0.995327103,0.99876008,,,,,,,,,
32562,10.75,,0.995327103,0.99876008,,,,,,,,,
32861,10.75,,0.995327103,0.99876008,,,,,,,,,
33095,10.75,,0.995327103,0.99876008,,,,,,,,,
33162,10.75,,0.995327103,0.99876008,,,,,,,,,
33262,10.75,,0.995327103,0.99876008,,,,,,,,,
33880,10.75,,0.995327103,0.99876008,,,,,,,,,
34013,10.75,,0.995327103,0.99876008,,,,,,,,,
34028,10.75,,0.995327103,0.99876008,,,,,,,,,
34795,10.75,,0.995327103,0.99876008,,,,,,,,,
34845,10.75,,0.995327103,0.99876008,,,,,,,,,
34913,10.75,,0.995327103,0.99876008,,,,,,,,,
35112,10.75,,0.995327103,0.99876008,,,,,,,,,
35146,10.75,,0.995327103,0.99876008,,,,,,,,,
35279,10.75,,0.995327103,0.99876008,,,,,,,,,
35295,10.75,,0.995327103,0.99876008,,,,,,,,,
36013,10.75,,0.995327103,0.99876008,,,,,,,,,
36030,10.75,,0.995327103,0.99876008,,,,,,,,,
36328,10.75,,0.995327103,0.99876008,,,,,,,,,
36512,10.75,,0.995327103,0.99876008,,,,,,,,,
36829,10.75,,0.995327103,0.99876008,,,,,,,,,
36912,10.75,,0.995327103,0.99876008,,,,,,,,,
36979,10.75,,0.995327103,0.99876008,,,,,,,,,
37262,10.75,,0.995327103,0.99876008,,,,,,,,,
37895,10.75,,0.995327103,0.99876008,,,,,,,,,
37962,10.75,,0.995327103,0.99876008,,,,,,,,,
38012,10.75,,0.995327103,0.99876008,,,,,,,,,
38779,10.75,,0.995327103,0.99876008,,,,,,,,,
39180,10.75,,0.995327103,0.99876008,,,,,,,,,
39962,10.75,,0.995327103,0.99876008,,,,,,,,,
39996,10.75,,0.995327103,0.99876008,,,,,,,,,
40029,10.75,,0.995327103,0.99876008,,,,,,,,,
40096,10.75,,0.995327103,0.99876008,,,,,,,,,
40113,10.75,,0.995327103,0.99876008,,,,,,,,,
40146,10.75,,0.995327103,0.99876008,,,,,,,,,
40263,10.75,,0.995327103,0.99876008,,,,,,,,,
40279,10.75,,0.995327103,0.99876008,,,,,,,,,
40312,10.75,,0.995327103,0.99876008,,,,,,,,,
40396,10.75,,0.995327103,0.99876008,,,,,,,,,
40763,10.75,,0.995327103,0.99876008,,,,,,,,,
41079,10.75,,0.995327103,0.99876008,,,,,,,,,
41095,10.75,,0.995327103,0.99876008,,,,,,,,,
41396,10.75,,0.995327103,0.99876008,,,,,,,,,
41463,10.75,,0.995327103,0.99876008,,,,,,,,,
41646,10.75,,0.995327103,0.99876008,,,,,,,,,
42163,10.75,,0.995327103,0.99876008,,,,,,,,,
42246,10.75,,0.995327103,0.99876008,,,,,,,,,
44396,10.75,,0.995327103,0.99876008,,,,,,,,,
44447,10.75,,0.995327103,0.99876008,,,,,,,,,
44596,10.75,,0.995327103,0.99876008,,,,,,,,,
44829,10.75,,0.995327103,0.99876008,,,,,,,,,
17478,10.81,,0.989719626,0.993171764,,,,,,,,,
17493,10.81,,0.989719626,0.993171764,,,,,,,,,
17526,10.81,,0.989719626,0.993171764,,,,,,,,,
17795,10.81,,0.989719626,0.993171764,,,,,,,,,
17810,10.81,,0.989719626,0.993171764,,,,,,,,,
17828,10.81,,0.989719626,0.993171764,,,,,,,,,
17945,10.81,,0.989719626,0.993171764,,,,,,,,,
17961,10.81,,0.989719626,0.993171764,,,,,,,,,
17978,10.81,,0.989719626,0.993171764,,,,,,,,,
18245,10.81,,0.989719626,0.993171764,,,,,,,,,
18261,10.81,,0.989719626,0.993171764,,,,,,,,,
18277,10.81,,0.989719626,0.993171764,,,,,,,,,
18295,10.81,,0.989719626,0.993171764,,,,,,,,,
18411,10.81,,0.989719626,0.993171764,,,,,,,,,
18428,10.81,,0.989719626,0.993171764,,,,,,,,,
18444,10.81,,0.989719626,0.993171764,,,,,,,,,
18561,10.81,,0.989719626,0.993171764,,,,,,,,,
18578,10.81,,0.989719626,0.993171764,,,,,,,,,
18710,10.81,,0.989719626,0.993171764,,,,,,,,,
18727,10.81,,0.989719626,0.993171764,,,,,,,,,
18877,10.81,,0.989719626,0.993171764,,,,,,,,,
18894,10.81,,0.989719626,0.993171764,,,,,,,,,
19012,10.81,,0.989719626,0.993171764,,,,,,,,,
19178,10.81,,0.989719626,0.993171764,,,,,,,,,
19361,10.81,,0.989719626,0.993171764,,,,,,,,,
19477,10.81,,0.989719626,0.993171764,,,,,,,,,
19661,10.81,,0.989719626,0.993171764,,,,,,,,,
20077,10.81,,0.989719626,0.993171764,,,,,,,,,
20244,10.81,,0.989719626,0.993171764,,,,,,,,,
21145,10.81,,0.989719626,0.993171764,,,,,,,,,
21163,10.81,,0.989719626,0.993171764,,,,,,,,,
21178,10.81,,0.989719626,0.993171764,,,,,,,,,
21312,10.81,,0.989719626,0.993171764,,,,,,,,,
21461,10.81,,0.989719626,0.993171764,,,,,,,,,
21777,10.81,,0.989719626,0.993171764,,,,,,,,,
22512,10.81,,0.989719626,0.993171764,,,,,,,,,
22695,10.81,,0.989719626,0.993171764,,,,,,,,,
22827,10.81,,0.989719626,0.993171764,,,,,,,,,
22844,10.81,,0.989719626,0.993171764,,,,,,,,,
23428,10.81,,0.989719626,0.993171764,,,,,,,,,
23445,10.81,,0.989719626,0.993171764,,,,,,,,,
23462,10.81,,0.989719626,0.993171764,,,,,,,,,
23628,10.81,,0.989719626,0.993171764,,,,,,,,,
23779,10.81,,0.989719626,0.993171764,,,,,,,,,
23878,10.81,,0.989719626,0.993171764,,,,,,,,,
23928,10.81,,0.989719626,0.993171764,,,,,,,,,
24046,10.81,,0.989719626,0.993171764,,,,,,,,,
24062,10.81,,0.989719626,0.993171764,,,,,,,,,
24079,10.81,,0.989719626,0.993171764,,,,,,,,,
24344,10.81,,0.989719626,0.993171764,,,,,,,,,
24361,10.81,,0.989719626,0.993171764,,,,,,,,,
24512,10.81,,0.989719626,0.993171764,,,,,,,,,
24528,10.81,,0.989719626,0.993171764,,,,,,,,,
24661,10.81,,0.989719626,0.993171764,,,,,,,,,
24695,10.81,,0.989719626,0.993171764,,,,,,,,,
24945,10.81,,0.989719626,0.993171764,,,,,,,,,
25112,10.81,,0.989719626,0.993171764,,,,,,,,,
25128,10.81,,0.989719626,0.993171764,,,,,,,,,
25262,10.81,,0.989719626,0.993171764,,,,,,,,,
25445,10.81,,0.989719626,0.993171764,,,,,,,,,
25562,10.81,,0.989719626,0.993171764,,,,,,,,,
25578,10.81,,0.989719626,0.993171764,,,,,,,,,
25728,10.81,,0.989719626,0.993171764,,,,,,,,,
25745,10.81,,0.989719626,0.993171764,,,,,,,,,
25861,10.81,,0.989719626,0.993171764,,,,,,,,,
25879,10.81,,0.989719626,0.993171764,,,,,,,,,
26012,10.81,,0.989719626,0.993171764,,,,,,,,,
26045,10.81,,0.989719626,0.993171764,,,,,,,,,
26062,10.81,,0.989719626,0.993171764,,,,,,,,,
26179,10.81,,0.989719626,0.993171764,,,,,,,,,
26194,10.81,,0.989719626,0.993171764,,,,,,,,,
26345,10.81,,0.989719626,0.993171764,,,,,,,,,
26646,10.81,,0.989719626,0.993171764,,,,,,,,,
26928,10.81,,0.989719626,0.993171764,,,,,,,,,
26962,10.81,,0.989719626,0.993171764,,,,,,,,,
27078,10.81,,0.989719626,0.993171764,,,,,,,,,
27111,10.81,,0.989719626,0.993171764,,,,,,,,,
27129,10.81,,0.989719626,0.993171764,,,,,,,,,
27245,10.81,,0.989719626,0.993171764,,,,,,,,,
27278,10.81,,0.989719626,0.993171764,,,,,,,,,
27411,10.81,,0.989719626,0.993171764,,,,,,,,,
27694,10.81,,0.989719626,0.993171764,,,,,,,,,
27728,10.81,,0.989719626,0.993171764,,,,,,,,,
27878,10.81,,0.989719626,0.993171764,,,,,,,,,
27896,10.81,,0.989719626,0.993171764,,,,,,,,,
27995,10.81,,0.989719626,0.993171764,,,,,,,,,
28028,10.81,,0.989719626,0.993171764,,,,,,,,,
28046,10.81,,0.989719626,0.993171764,,,,,,,,,
28162,10.81,,0.989719626,0.993171764,,,,,,,,,
28179,10.81,,0.989719626,0.993171764,,,,,,,,,
28195,10.81,,0.989719626,0.993171764,,,,,,,,,
28312,10.81,,0.989719626,0.993171764,,,,,,,,,
28328,10.81,,0.989719626,0.993171764,,,,,,,,,
28345,10.81,,0.989719626,0.993171764,,,,,,,,,
28463,10.81,,0.989719626,0.993171764,,,,,,,,,
28495,10.81,,0.989719626,0.993171764,,,,,,,,,
28611,10.81,,0.989719626,0.993171764,,,,,,,,,
28629,10.81,,0.989719626,0.993171764,,,,,,,,,
28762,10.81,,0.989719626,0.993171764,,,,,,,,,
28795,10.81,,0.989719626,0.993171764,,,,,,,,,
28929,10.81,,0.989719626,0.993171764,,,,,,,,,
28962,10.81,,0.989719626,0.993171764,,,,,,,,,
29078,10.81,,0.989719626,0.993171764,,,,,,,,,
29095,10.81,,0.989719626,0.993171764,,,,,,,,,
29529,10.81,,0.989719626,0.993171764,,,,,,,,,
29546,10.81,,0.989719626,0.993171764,,,,,,,,,
29695,10.81,,0.989719626,0.993171764,,,,,,,,,
29978,10.81,,0.989719626,0.993171764,,,,,,,,,
30029,10.81,,0.989719626,0.993171764,,,,,,,,,
30312,10.81,,0.989719626,0.993171764,,,,,,,,,
30328,10.81,,0.989719626,0.993171764,,,,,,,,,
30461,10.81,,0.989719626,0.993171764,,,,,,,,,
30612,10.81,,0.989719626,0.993171764,,,,,,,,,
31046,10.81,,0.989719626,0.993171764,,,,,,,,,
31063,10.81,,0.989719626,0.993171764,,,,,,,,,
31078,10.81,,0.989719626,0.993171764,,,,,,,,,
31245,10.81,,0.989719626,0.993171764,,,,,,,,,
31345,10.81,,0.989719626,0.993171764,,,,,,,,,
31361,10.81,,0.989719626,0.993171764,,,,,,,,,
31378,10.81,,0.989719626,0.993171764,,,,,,,,,
31679,10.81,,0.989719626,0.993171764,,,,,,,,,
31961,10.81,,0.989719626,0.993171764,,,,,,,,,
31995,10.81,,0.989719626,0.993171764,,,,,,,,,
32145,10.81,,0.989719626,0.993171764,,,,,,,,,
32262,10.81,,0.989719626,0.993171764,,,,,,,,,
32279,10.81,,0.989719626,0.993171764,,,,,,,,,
32413,10.81,,0.989719626,0.993171764,,,,,,,,,
32578,10.81,,0.989719626,0.993171764,,,,,,,,,
33045,10.81,,0.989719626,0.993171764,,,,,,,,,
33062,10.81,,0.989719626,0.993171764,,,,,,,,,
33179,10.81,,0.989719626,0.993171764,,,,,,,,,
33196,10.81,,0.989719626,0.993171764,,,,,,,,,
33328,10.81,,0.989719626,0.993171764,,,,,,,,,
33380,10.81,,0.989719626,0.993171764,,,,,,,,,
33480,10.81,,0.989719626,0.993171764,,,,,,,,,
33496,10.81,,0.989719626,0.993171764,,,,,,,,,
34096,10.81,,0.989719626,0.993171764,,,,,,,,,
34130,10.81,,0.989719626,0.993171764,,,,,,,,,
34445,10.81,,0.989719626,0.993171764,,,,,,,,,
34862,10.81,,0.989719626,0.993171764,,,,,,,,,
34879,10.81,,0.989719626,0.993171764,,,,,,,,,
35012,10.81,,0.989719626,0.993171764,,,,,,,,,
35162,10.81,,0.989719626,0.993171764,,,,,,,,,
35178,10.81,,0.989719626,0.993171764,,,,,,,,,
35195,10.81,,0.989719626,0.993171764,,,,,,,,,
35312,10.81,,0.989719626,0.993171764,,,,,,,,,
35329,10.81,,0.989719626,0.993171764,,,,,,,,,
35362,10.81,,0.989719626,0.993171764,,,,,,,,,
35612,10.81,,0.989719626,0.993171764,,,,,,,,,
35629,10.81,,0.989719626,0.993171764,,,,,,,,,
35645,10.81,,0.989719626,0.993171764,,,,,,,,,
35929,10.81,,0.989719626,0.993171764,,,,,,,,,
35946,10.81,,0.989719626,0.993171764,,,,,,,,,
36079,10.81,,0.989719626,0.993171764,,,,,,,,,
36096,10.81,,0.989719626,0.993171764,,,,,,,,,
36112,10.81,,0.989719626,0.993171764,,,,,,,,,
36230,10.81,,0.989719626,0.993171764,,,,,,,,,
36245,10.81,,0.989719626,0.993171764,,,,,,,,,
36379,10.81,,0.989719626,0.993171764,,,,,,,,,
36429,10.81,,0.989719626,0.993171764,,,,,,,,,
36545,10.81,,0.989719626,0.993171764,,,,,,,,,
36579,10.81,,0.989719626,0.993171764,,,,,,,,,
36679,10.81,,0.989719626,0.993171764,,,,,,,,,
36713,10.81,,0.989719626,0.993171764,,,,,,,,,
36729,10.81,,0.989719626,0.993171764,,,,,,,,,
36862,10.81,,0.989719626,0.993171764,,,,,,,,,
36995,10.81,,0.989719626,0.993171764,,,,,,,,,
37163,10.81,,0.989719626,0.993171764,,,,,,,,,
37179,10.81,,0.989719626,0.993171764,,,,,,,,,
37295,10.81,,0.989719626,0.993171764,,,,,,,,,
37312,10.81,,0.989719626,0.993171764,,,,,,,,,
37329,10.81,,0.989719626,0.993171764,,,,,,,,,
37446,10.81,,0.989719626,0.993171764,,,,,,,,,
37463,10.81,,0.989719626,0.993171764,,,,,,,,,
37479,10.81,,0.989719626,0.993171764,,,,,,,,,
37495,10.81,,0.989719626,0.993171764,,,,,,,,,
37596,10.81,,0.989719626,0.993171764,,,,,,,,,
37613,10.81,,0.989719626,0.993171764,,,,,,,,,
37629,10.81,,0.989719626,0.993171764,,,,,,,,,
37745,10.81,,0.989719626,0.993171764,,,,,,,,,
37762,10.81,,0.989719626,0.993171764,,,,,,,,,
37779,10.81,,0.989719626,0.993171764,,,,,,,,,
38213,10.81,,0.989719626,0.993171764,,,,,,,,,
38228,10.81,,0.989719626,0.993171764,,,,,,,,,
38845,10.81,,0.989719626,0.993171764,,,,,,,,,
38863,10.81,,0.989719626,0.993171764,,,,,,,,,
38980,10.81,,0.989719626,0.993171764,,,,,,,,,
38997,10.81,,0.989719626,0.993171764,,,,,,,,,
39129,10.81,,0.989719626,0.993171764,,,,,,,,,
39729,10.81,,0.989719626,0.993171764,,,,,,,,,
39746,10.81,,0.989719626,0.993171764,,,,,,,,,
39879,10.81,,0.989719626,0.993171764,,,,,,,,,
39895,10.81,,0.989719626,0.993171764,,,,,,,,,
40063,10.81,,0.989719626,0.993171764,,,,,,,,,
40196,10.81,,0.989719626,0.993171764,,,,,,,,,
40213,10.81,,0.989719626,0.993171764,,,,,,,,,
40346,10.81,,0.989719626,0.993171764,,,,,,,,,
40362,10.81,,0.989719626,0.993171764,,,,,,,,,
40380,10.81,,0.989719626,0.993171764,,,,,,,,,
40497,10.81,,0.989719626,0.993171764,,,,,,,,,
40513,10.81,,0.989719626,0.993171764,,,,,,,,,
40529,10.81,,0.989719626,0.993171764,,,,,,,,,
40646,10.81,,0.989719626,0.993171764,,,,,,,,,
40662,10.81,,0.989719626,0.993171764,,,,,,,,,
40680,10.81,,0.989719626,0.993171764,,,,,,,,,
40697,10.81,,0.989719626,0.993171764,,,,,,,,,
40795,10.81,,0.989719626,0.993171764,,,,,,,,,
40829,10.81,,0.989719626,0.993171764,,,,,,,,,
40846,10.81,,0.989719626,0.993171764,,,,,,,,,
40946,10.81,,0.989719626,0.993171764,,,,,,,,,
41129,10.81,,0.989719626,0.993171764,,,,,,,,,
41146,10.81,,0.989719626,0.993171764,,,,,,,,,
41562,10.81,,0.989719626,0.993171764,,,,,,,,,
41580,10.81,,0.989719626,0.993171764,,,,,,,,,
41596,10.81,,0.989719626,0.993171764,,,,,,,,,
41729,10.82,,0.988785047,0.992240379,,,,,,,,,
41762,10.82,,0.988785047,0.992240379,,,,,,,,,
41913,10.82,,0.988785047,0.992240379,,,,,,,,,
42062,10.82,,0.988785047,0.992240379,,,,,,,,,
42180,10.82,,0.988785047,0.992240379,,,,,,,,,
42481,10.82,,0.988785047,0.992240379,,,,,,,,,
42513,10.82,,0.988785047,0.992240379,,,,,,,,,
42796,10.82,,0.988785047,0.992240379,,,,,,,,,
43263,10.82,,0.988785047,0.992240379,,,,,,,,,
43412,10.82,,0.988785047,0.992240379,,,,,,,,,
43546,10.82,,0.988785047,0.992240379,,,,,,,,,
44046,10.82,,0.988785047,0.992240379,,,,,,,,,
44147,10.82,,0.988785047,0.992240379,,,,,,,,,
44163,10.82,,0.988785047,0.992240379,,,,,,,,,
44178,10.82,,0.988785047,0.992240379,,,,,,,,,
44180,10.82,,0.988785047,0.992240379,,,,,,,,,
44196,10.82,,0.988785047,0.992240379,,,,,,,,,
44198,10.82,,0.988785047,0.992240379,,,,,,,,,
44222,10.82,,0.988785047,0.992240379,,,,,,,,,
44223,10.82,,0.988785047,0.992240379,,,,,,,,,
44237,10.82,,0.988785047,0.992240379,,,,,,,,,
44302,10.82,,0.988785047,0.992240379,,,,,,,,,
44356,10.82,,0.988785047,0.992240379,,,,,,,,,
44412,10.82,,0.988785047,0.992240379,,,,,,,,,
44444,10.82,,0.988785047,0.992240379,,,,,,,,,
44532,10.82,,0.988785047,0.992240379,,,,,,,,,
44540,10.82,,0.988785047,0.992240379,,,,,,,,,
44573,10.82,,0.988785047,0.992240379,,,,,,,,,
44592,10.82,,0.988785047,0.992240379,,,,,,,,,
44612,10.82,,0.988785047,0.992240379,,,,,,,,,
44629,10.82,,0.988785047,0.992240379,,,,,,,,,
44647,10.82,,0.988785047,0.992240379,,,,,,,,,
44930,10.82,,0.988785047,0.992240379,,,,,,,,,
45064,10.82,,0.988785047,0.992240379,,,,,,,,,
45097,10.82,,0.988785047,0.992240379,,,,,,,,,
45099,10.82,,0.988785047,0.992240379,,,,,,,,,
45132,10.82,,0.988785047,0.992240379,,,,,,,,,
45150,10.82,,0.988785047,0.992240379,,,,,,,,,
45155,10.82,,0.988785047,0.992240379,,,,,,,,,
45164,10.82,,0.988785047,0.992240379,,,,,,,,,
45200,10.82,,0.988785047,0.992240379,,,,,,,,,
45208,10.82,,0.988785047,0.992240379,,,,,,,,,
45214,10.82,,0.988785047,0.992240379,,,,,,,,,
45230,10.82,,0.988785047,0.992240379,,,,,,,,,
45264,10.82,,0.988785047,0.992240379,,,,,,,,,
45298,10.82,,0.988785047,0.992240379,,,,,,,,,
45619,10.82,,0.988785047,0.992240379,,,,,,,,,
45696,10.82,,0.988785047,0.992240379,,,,,,,,,
47664,10.82,,0.988785047,0.992240379,,,,,,,,,
48296,10.82,,0.988785047,0.992240379,,,,,,,,,
32313,10.83,,0.987850467,0.991308993,,,,,,,,,
32430,10.83,,0.987850467,0.991308993,,,,,,,,,
32895,10.83,,0.987850467,0.991308993,,,,,,,,,
33512,10.83,,0.987850467,0.991308993,,,,,,,,,
34112,10.83,,0.987850467,0.991308993,,,,,,,,,
34395,10.83,,0.987850467,0.991308993,,,,,,,,,
35030,10.83,,0.987850467,0.991308993,,,,,,,,,
35046,10.83,,0.987850467,0.991308993,,,,,,,,,
35462,10.83,,0.987850467,0.991308993,,,,,,,,,
35663,10.83,,0.987850467,0.991308993,,,,,,,,,
36262,10.83,,0.987850467,0.991308993,,,,,,,,,
36412,10.83,,0.987850467,0.991308993,,,,,,,,,
36528,10.83,,0.987850467,0.991308993,,,,,,,,,
36563,10.83,,0.987850467,0.991308993,,,,,,,,,
36696,10.83,,0.987850467,0.991308993,,,,,,,,,
36847,10.83,,0.987850467,0.991308993,,,,,,,,,
37646,10.83,,0.987850467,0.991308993,,,,,,,,,
38080,10.83,,0.987850467,0.991308993,,,,,,,,,
39613,10.83,,0.987850467,0.991308993,,,,,,,,,
39630,10.83,,0.987850467,0.991308993,,,,,,,,,
39779,10.83,,0.987850467,0.991308993,,,,,,,,,
39912,10.83,,0.987850467,0.991308993,,,,,,,,,
39929,10.83,,0.987850467,0.991308993,,,,,,,,,
40046,10.83,,0.987850467,0.991308993,,,,,,,,,
40813,10.83,,0.987850467,0.991308993,,,,,,,,,
40997,10.83,,0.987850467,0.991308993,,,,,,,,,
41113,10.83,,0.987850467,0.991308993,,,,,,,,,
41714,10.83,,0.987850467,0.991308993,,,,,,,,,
42497,10.83,,0.987850467,0.991308993,,,,,,,,,
43396,10.83,,0.987850467,0.991308993,,,,,,,,,
43996,10.83,,0.987850467,0.991308993,,,,,,,,,
44913,10.83,,0.987850467,0.991308993,,,,,,,,,
